userid,avg_grade,max_nevaluations,avg_nevaluations,num_activities,F_Grade,0.0,87,92,141,143,176,184,1,100,100,0,1,3
21,0.610189365340883,-0.6081784468313993,-0.31226566184661664,-0.9399112607905187,-0.6826895421465496,1,0,1,0,0,0,0,0,1,1,1,0,0
35,0.610189365340883,0.1239795392064285,-0.2020078919399096,0.0926237662436196,-0.045909193964725516,1,0,1,0,0,0,0,0,1,1,0,1,0
57,-1.0470161312916095,0.771657757624507,0.286313407643899,2.2371195916222146,-1.5014071326660379,1,0,0,0,1,0,0,1,0,1,1,0,0
65,0.610189365340883,-0.4673788341318171,-0.40569562413188043,-0.9928617749973976,0.7728083965547626,1,0,1,0,0,0,0,0,1,1,1,0,0
70,0.610189365340883,-0.7208181369910652,-0.6874550226032715,-0.304505090307972,-1.3194698903283737,1,0,1,0,0,0,0,0,1,1,1,0,0
73,0.610189365340883,0.15213946174634496,1.5935411066370737,-0.013277262170138162,0.40893391187943456,1,0,1,0,0,0,0,0,1,1,0,1,0
76,0.610189365340883,-0.10129984111290316,-0.4526461915224259,0.0926237662436196,0.5908711542170986,1,0,1,0,0,0,0,0,1,1,0,1,0
77,0.610189365340883,0.9969371379438386,0.9267909829171588,-0.06622777637701704,-0.5007522998088856,1,0,1,0,0,0,0,0,1,1,0,1,0
81,0.610189365340883,0.15213946174634496,1.1204338397948235,0.06614850914018017,0.7728083965547626,1,0,1,0,0,0,0,0,1,1,1,0,0
82,0.610189365340883,-0.21393953127256898,-0.10875640716876613,-0.41040611872172983,-0.4097836786400536,1,0,1,0,0,0,0,0,1,1,0,1,0
83,0.610189365340883,-0.6926582144511487,-0.41234060002706213,-1.866545259410899,-0.045909193964725516,1,0,1,0,0,0,0,0,1,1,1,0,0
86,0.610189365340883,0.5182184547652589,0.2739148751655848,-0.11917829058389594,0.13602804837293853,1,0,1,0,0,0,0,0,1,1,1,0,0
90,0.610189365340883,-0.10129984111290316,1.3739078708064034,-0.4368813758251692,0.22699666954177056,1,0,1,0,0,0,0,0,1,1,0,1,0
92,0.610189365340883,0.5463783773051754,0.11414595166809391,-0.3574556045148509,-0.045909193964725516,1,0,1,0,0,0,0,0,1,1,0,1,0
96,0.610189365340883,2.7991721804984917,0.5923400838265118,-1.3370401173421103,-0.7736581633153816,1,0,1,0,0,0,0,0,1,1,0,1,0
128,0.610189365340883,0.01133984904676267,1.5194488209292982,-0.17212880479077483,-0.4097836786400536,1,0,1,0,0,0,0,0,1,1,0,1,0
144,0.610189365340883,-0.4110589890519842,-0.14863997766038234,-0.6222081755492453,0.3179652907106026,1,0,1,0,0,0,0,0,1,1,0,1,0
154,0.610189365340883,-0.6081784468313993,-0.8494458951504744,-0.2780298332045326,0.8637770177235947,1,0,1,0,0,0,0,0,1,1,1,0,0
155,-0.41045305949252225,-0.1294597636528196,-0.6143478672405822,2.0517927918981385,0.22699666954177056,1,0,0,0,1,0,0,1,0,1,1,0,0
156,0.610189365340883,0.9124573703240892,2.8806902379252963,-0.542782404238927,1.409588744736587,1,0,1,0,0,0,0,0,1,1,0,1,0
158,0.610189365340883,0.1802993842862614,1.9665607704479446,-0.4633566329286087,0.5908711542170986,1,0,1,0,0,0,0,0,1,1,0,1,0
164,0.610189365340883,-0.6081784468313993,-0.03666919050739048,-0.4368813758251692,-1.865281617341366,1,0,1,0,0,0,0,0,1,1,0,1,0
165,0.610189365340883,-0.24209945381248543,-0.7066181039565321,-0.33098034741141147,0.7728083965547626,1,0,1,0,0,0,0,0,1,1,0,1,0
166,0.610189365340883,3.0244515608178233,0.8679247557779229,-0.33098034741141147,0.8637770177235947,1,0,1,0,0,0,0,0,1,1,0,1,0
167,0.610189365340883,-0.32657922143223483,0.8585984738197735,-0.6486834326526848,-0.8646267844842137,1,0,1,0,0,0,0,0,1,1,0,1,0
168,-0.026421251288661622,-0.15761968619273606,-0.3989455893292652,3.40203090417355,0.9547456388924267,1,0,1,0,0,0,0,1,0,1,1,0,0
169,0.610189365340883,-0.4955387566717335,-0.374369309197453,-0.14565354768733538,0.3179652907106026,1,0,1,0,0,0,0,0,1,1,1,0,0
170,0.610189365340883,-0.6081784468313993,0.5789813141316597,-0.5163071471354875,-0.045909193964725516,1,0,1,0,0,0,0,0,1,1,1,0,0
171,0.610189365340883,-0.0731399185729867,-0.7511794535251644,0.0926237662436196,1.682494608243083,1,0,1,0,0,0,0,0,1,1,0,1,0
172,0.610189365340883,-0.6926582144511487,-0.5871744318323251,-0.41040611872172983,1.0457142600612588,1,0,1,0,0,0,0,0,1,1,1,0,0
173,0.610189365340883,-0.32657922143223483,0.3119059324141576,0.03967325203674073,1.2276515023989227,1,0,1,0,0,0,0,0,1,1,0,1,0
174,0.610189365340883,-0.24209945381248543,-0.8996388323403781,-0.5692576613423664,0.5908711542170986,1,0,1,0,0,0,0,0,1,1,1,0,0
175,0.610189365340883,-0.15761968619273606,-0.03373150832485552,-0.8604854894802003,1.409588744736587,1,0,1,0,0,0,0,0,1,1,0,1,0
176,0.610189365340883,-0.0731399185729867,-0.5861322772856574,-0.3574556045148509,1.5005573659054188,1,0,1,0,0,0,0,0,1,1,0,1,0
177,0.610189365340883,-0.1294597636528196,1.6794978117761001,-0.4633566329286087,0.8637770177235947,1,0,1,0,0,0,0,0,1,1,0,1,0
178,0.610189365340883,-0.8052979046108145,-0.8822925097224344,-0.9399112607905187,1.0457142600612588,1,0,1,0,0,0,0,0,1,1,0,1,0
179,0.610189365340883,0.01133984904676267,-0.34077932115587584,-0.3574556045148509,0.9547456388924267,1,0,1,0,0,0,0,0,1,1,0,1,0
180,0.610189365340883,-0.24209945381248543,0.5373617071161467,-0.11917829058389594,-0.045909193964725516,1,0,1,0,0,0,0,0,1,1,0,1,0
181,0.610189365340883,-0.6926582144511487,-0.40284777731965987,-2.5549019441003247,0.3179652907106026,1,0,1,0,0,0,0,0,1,1,0,1,0
182,0.610189365340883,5.305405286551056,3.1083409764374066,-0.06622777637701704,0.22699666954177056,1,0,1,0,0,0,0,0,1,1,0,1,0
183,0.610189365340883,-0.04497999603307024,2.2491471137798777,-1.0987628034111554,0.13602804837293853,1,0,1,0,0,0,0,0,1,1,1,0,0
184,0.610189365340883,0.1239795392064285,-0.3591807928656094,0.03967325203674073,1.1366828812300906,1,0,1,0,0,0,0,0,1,1,0,1,0
185,0.610189365340883,-0.6081784468313993,-0.6130322962552736,-0.48983189003204813,0.40893391187943456,1,0,1,0,0,0,0,0,1,1,1,0,0
186,0.610189365340883,0.1239795392064285,0.21096912237220208,0.0926237662436196,1.3186201235677548,1,0,1,0,0,0,0,0,1,1,0,1,0
187,0.610189365340883,-0.10129984111290316,0.001196249372102488,-0.3839308616182904,0.5908711542170986,1,0,1,0,0,0,0,0,1,1,0,1,0
188,0.610189365340883,-0.5518586017515664,-0.36895604666182696,0.0926237662436196,1.1366828812300906,1,0,1,0,0,0,0,0,1,1,1,0,0
190,0.610189365340883,-0.4955387566717335,0.05743030456273179,-0.09270303348045648,0.3179652907106026,1,0,1,0,0,0,0,0,1,1,1,0,0
191,0.610189365340883,-0.18577960873265253,2.2694713697452786,-0.304505090307972,-0.7736581633153816,1,0,1,0,0,0,0,0,1,1,1,0,0
192,0.610189365340883,-0.04497999603307024,0.4976142623539261,-0.5163071471354875,1.409588744736587,1,0,1,0,0,0,0,0,1,1,0,1,0
193,0.610189365340883,0.9406172928640057,2.2628774733293753,-0.2780298332045326,-0.4097836786400536,1,0,1,0,0,0,0,0,1,1,1,0,0
194,0.610189365340883,-0.18577960873265253,0.06546480957885172,-0.8869607465836398,1.3186201235677548,1,0,1,0,0,0,0,0,1,1,1,0,0
195,0.610189365340883,-0.016820073493153787,0.5844057842501754,-1.2046638318249132,-1.1375326479907097,1,0,1,0,0,0,0,0,1,1,1,0,0
196,0.610189365340883,0.1802993842862614,-0.10667170884870916,-0.9928617749973976,-0.3188150574712216,1,0,1,0,0,0,0,0,1,1,1,0,0
217,0.610189365340883,-0.04497999603307024,0.14547159667854792,-0.2250793189976537,0.7728083965547626,1,0,1,0,0,0,0,0,1,1,1,0,0
219,0.610189365340883,2.067014194460664,1.8314255597197662,-0.2780298332045326,0.04505942720410651,1,0,1,0,0,0,0,0,1,1,0,1,0
221,0.610189365340883,0.09581961666651204,-0.33380906672037053,-0.7810597181698821,1.1366828812300906,1,0,1,0,0,0,0,0,1,1,0,1,0
223,0.610189365340883,1.391176053502669,1.3708194604402602,0.0926237662436196,0.04505942720410651,1,0,1,0,0,0,0,0,1,1,0,1,0
224,0.610189365340883,10.655790569135183,9.021821331157662,-1.0458122892042765,-1.5923757538348697,1,0,1,0,0,0,0,0,1,1,0,1,0
227,0.610189365340883,-0.5518586017515664,0.21665643333875634,0.7280299367261662,1.5915259870742509,1,1,0,0,0,0,0,0,1,1,1,0,0
228,0.610189365340883,0.3774188420656766,1.6881475431108455,0.013197994933301281,0.8637770177235947,1,0,1,0,0,0,0,0,1,1,0,1,0
229,0.610189365340883,-0.4955387566717335,-0.7150561685853344,0.9398319935536817,1.955400471749579,1,1,0,0,0,0,0,0,1,1,0,1,0
232,0.610189365340883,-0.4110589890519842,-0.22606340689984072,0.013197994933301281,-0.045909193964725516,1,0,1,0,0,0,0,0,1,1,1,0,0
238,0.610189365340883,0.20845930682617786,0.7699636017005291,-0.304505090307972,1.3186201235677548,1,0,1,0,0,0,0,0,1,1,0,1,0
241,0.610189365340883,-0.6081784468313993,-0.35413977666926477,0.7280299367261662,1.5005573659054188,1,1,0,0,0,0,0,0,1,1,1,0,0
242,0.610189365340883,0.09581961666651204,0.8122335292278299,-1.072287546307716,-0.5917209209777177,1,0,1,0,0,0,0,0,1,1,0,1,0
267,0.610189365340883,-0.10129984111290316,-0.6237716512373853,-1.3635153744455497,0.6818397753859307,1,0,1,0,0,0,0,0,1,1,1,0,0
268,0.610189365340883,-0.7208181369910652,-0.465332179950662,-1.019337032100837,0.40893391187943456,1,0,1,0,0,0,0,0,1,1,1,0,0
269,0.610189365340883,-0.7771379820708981,-1.1246161154031378,0.0926237662436196,1.0457142600612588,1,0,1,0,0,0,0,0,1,1,0,1,0
271,0.610189365340883,1.2222165182631703,1.2730669224780853,-0.7810597181698821,-0.4097836786400536,1,0,1,0,0,0,0,0,1,1,0,1,0
272,0.610189365340883,-0.6644982919112323,-0.41972390657726383,-2.634327715410643,-1.865281617341366,1,0,1,0,0,0,0,0,1,1,0,1,0
273,0.610189365340883,-0.4955387566717335,-0.2717468995079571,-0.5957329184458059,-0.045909193964725516,1,0,1,0,0,0,0,0,1,1,0,1,0
275,0.610189365340883,0.9687772154039221,0.14140739123807003,-0.41040611872172983,1.0457142600612588,1,0,1,0,0,0,0,0,1,1,0,1,0
276,-0.8257595480421406,0.039499771586679125,0.29998388606151155,0.886881479346803,-1.5923757538348697,1,0,0,0,1,0,0,1,0,1,1,0,0
277,0.610189365340883,1.6164554338220007,-0.38292841163855346,0.0926237662436196,1.3186201235677548,1,0,1,0,0,0,0,0,1,1,0,1,0
278,0.610189365340883,0.771657757624507,2.6849923390765094,-0.3839308616182904,0.6818397753859307,1,0,1,0,0,0,0,0,1,1,0,1,0
279,0.610189365340883,-0.38289906651206773,0.3867040220794835,0.0926237662436196,0.7728083965547626,1,1,0,0,0,0,0,0,1,1,0,1,0
280,0.610189365340883,-0.8616177496906475,-0.5649954516731256,-2.1312978304452934,-0.9555954056530457,1,0,1,0,0,0,0,0,1,1,1,0,0
281,0.610189365340883,3.7566095468556515,1.336752207636836,0.013197994933301281,1.0457142600612588,1,0,1,0,0,0,0,0,1,1,0,1,0
283,0.610189365340883,0.039499771586679125,0.22850538037265308,0.013197994933301281,0.7728083965547626,1,0,1,0,0,0,0,0,1,1,0,1,0
284,0.610189365340883,-0.7771379820708981,-0.661799531174043,-1.5223669170661864,-0.9555954056530457,1,0,1,0,0,0,0,0,1,1,1,0,0
287,0.610189365340883,1.9825344268409146,1.229214556301129,-0.25155457610109316,-0.045909193964725516,1,0,1,0,0,0,0,0,1,1,0,1,0
288,0.610189365340883,0.15213946174634496,1.2046035344671233,-0.7281092039630032,-1.2285012691595418,1,0,1,0,0,0,0,0,1,1,0,1,0
289,0.610189365340883,0.26477915190601076,0.09630210031320104,-0.19860406189421426,0.04505942720410651,1,0,1,0,0,0,0,0,1,1,0,1,0
290,0.610189365340883,1.7290951239816665,0.28707126961832136,-0.013277262170138162,0.5908711542170986,1,0,1,0,0,0,0,0,1,1,0,1,0
291,-0.5293060929575226,0.7998176801644235,-0.5916961441005473,-0.2250793189976537,-1.3194698903283737,1,0,0,0,1,0,0,1,0,1,1,0,0
292,0.610189365340883,-0.6644982919112323,-0.6136734517765937,0.43680210858833235,0.6818397753859307,1,1,0,0,0,0,0,0,1,1,0,1,0
294,-0.45480155441693565,-0.6363383693713158,-0.8762916197356861,2.581297933966927,-1.5923757538348697,1,0,0,0,1,0,0,1,0,1,1,0,0
295,0.610189365340883,-0.8052979046108145,-0.6607467459073401,0.833930965139924,1.7734632294119148,1,1,0,0,0,0,0,0,1,1,0,1,0
297,0.610189365340883,0.40557876460559306,1.2306622634678355,-0.41040611872172983,0.5908711542170986,1,0,1,0,0,0,0,0,1,1,0,1,0
298,0.610189365340883,0.3210989969858437,-0.5949378368106233,0.013197994933301281,0.9547456388924267,1,0,1,0,0,0,0,0,1,1,1,0,0
299,0.610189365340883,0.15213946174634496,2.007858471879156,0.0926237662436196,0.9547456388924267,1,0,1,0,0,0,0,0,1,1,0,1,0
300,0.610189365340883,0.7998176801644235,6.659812316987622,-2.925555543548477,0.3179652907106026,1,0,1,0,0,0,0,0,1,1,0,1,0
302,0.610189365340883,0.40557876460559306,-0.4256305518174252,-0.4633566329286087,1.0457142600612588,1,0,1,0,0,0,0,0,1,1,0,1,0
303,0.610189365340883,0.20845930682617786,0.11866942062328908,-0.11917829058389594,0.4999025330482666,1,0,1,0,0,0,0,0,1,1,0,1,0
304,0.610189365340883,1.447495898582502,1.2859409443316407,0.0926237662436196,1.3186201235677548,1,0,1,0,0,0,0,0,1,1,0,1,0
305,0.610189365340883,-0.4955387566717335,-0.20787980325224417,-0.3839308616182904,0.6818397753859307,1,0,1,0,0,0,0,0,1,1,1,0,0
306,0.610189365340883,0.06765969412659559,0.7008510761276432,-0.33098034741141147,0.13602804837293853,1,0,1,0,0,0,0,0,1,1,0,1,0
307,0.610189365340883,-0.6363383693713158,-0.8157855650916583,-0.14565354768733538,-0.4097836786400536,1,0,1,0,0,0,0,0,1,1,1,0,0
308,0.610189365340883,0.9687772154039221,2.138995102921229,0.013197994933301281,0.5908711542170986,1,0,1,0,0,0,0,0,1,1,0,1,0
309,-0.64562443606332,-0.6644982919112323,-0.7271281442586568,0.4632773656917718,-1.774312996172534,1,0,1,0,0,0,0,1,0,1,1,0,0
310,-0.6642542591680634,1.391176053502669,0.6774354467827175,0.9663072506571212,-0.9555954056530457,1,0,1,0,0,0,0,1,0,1,1,0,0
311,0.610189365340883,-0.5518586017515664,-1.0870151796549579,-0.17212880479077483,-1.865281617341366,1,0,0,0,1,0,0,0,1,1,1,0,0
313,0.610189365340883,-0.3547391439721513,-0.38072857877814004,-0.3839308616182904,1.2276515023989227,1,0,1,0,0,0,0,0,1,1,1,0,0
314,0.610189365340883,0.1239795392064285,-0.6763754829417994,-0.14565354768733538,0.6818397753859307,1,0,1,0,0,0,0,0,1,1,1,0,0
315,0.610189365340883,0.46189860968542595,1.094739933000121,-0.4633566329286087,0.4999025330482666,1,0,1,0,0,0,0,0,1,1,0,1,0
317,0.610189365340883,-0.2702593763524019,-0.5585300697210569,0.06614850914018017,0.5908711542170986,1,0,1,0,0,0,0,0,1,1,0,1,0
318,0.610189365340883,-0.7489780595309816,-0.9179365920517478,-0.06622777637701704,0.4999025330482666,1,0,1,0,0,0,0,0,1,1,0,1,0
319,0.610189365340883,0.3210989969858437,1.4493789177246597,-0.013277262170138162,1.1366828812300906,1,0,1,0,0,0,0,0,1,1,0,1,0
320,0.610189365340883,-0.6081784468313993,-0.27650082730255365,-0.11917829058389594,-1.2285012691595418,1,0,1,0,0,0,0,0,1,1,1,0,0
321,0.610189365340883,-0.43921891159190063,-0.6205498447427517,-0.7281092039630032,0.22699666954177056,1,0,1,0,0,0,0,0,1,1,0,1,0
322,0.610189365340883,-0.38289906651206773,-0.6083394688681324,0.03967325203674073,0.04505942720410651,1,0,1,0,0,0,0,0,1,1,0,1,0
324,0.610189365340883,-0.6363383693713158,0.021537237834794346,-0.41040611872172983,0.40893391187943456,1,0,1,0,0,0,0,0,1,1,0,1,0
326,0.610189365340883,-0.8897776722305639,-1.2300570552275065,0.0926237662436196,1.5005573659054188,1,0,1,0,0,0,0,0,1,1,0,1,0
327,0.610189365340883,-0.3547391439721513,-0.46251694862333115,-0.5163071471354875,0.40893391187943456,1,0,1,0,0,0,0,0,1,1,0,1,0
328,0.610189365340883,0.771657757624507,2.4269787612869673,0.013197994933301281,0.4999025330482666,1,0,1,0,0,0,0,0,1,1,0,1,0
329,-0.4634946307545088,0.771657757624507,-0.03901377246140592,2.528347419760048,-0.4097836786400536,1,0,0,0,1,0,0,1,0,1,1,0,0
330,0.610189365340883,0.4337386871455095,0.32296410968565403,0.11909902334705906,1.5005573659054188,1,0,1,0,0,0,0,0,1,1,0,1,0
331,0.610189365340883,0.1239795392064285,0.7581974615087705,-0.3574556045148509,-0.045909193964725516,1,0,1,0,0,0,0,0,1,1,0,1,0
334,0.610189365340883,-0.24209945381248543,-0.08708651673659508,-1.6017926883765048,-0.4097836786400536,1,0,1,0,0,0,0,0,1,1,0,1,0
335,0.610189365340883,0.715337912544674,-0.16869148387040397,0.7015546796227268,-0.5007522998088856,1,1,0,0,0,0,0,0,1,1,0,1,0
336,0.610189365340883,-0.833457827150731,-0.4459080040336496,-0.5692576613423664,-1.6833443750037018,1,0,1,0,0,0,0,0,1,1,1,0,0
339,0.610189365340883,0.2366192293660943,0.7094876834535935,0.9133567364502424,0.5908711542170986,1,1,0,0,0,0,0,0,1,1,0,1,0
340,0.610189365340883,-0.6926582144511487,-0.42426747983892643,-0.013277262170138162,0.7728083965547626,1,1,0,0,0,0,0,0,1,1,0,1,0
341,0.610189365340883,-0.6363383693713158,-0.4522104553981517,0.06614850914018017,0.40893391187943456,1,0,1,0,0,0,0,0,1,1,0,1,0
342,0.610189365340883,-0.1294597636528196,0.767142621367669,-0.6222081755492453,-1.2285012691595418,1,0,1,0,0,0,0,0,1,1,1,0,0
343,-1.6085985147317365,-0.32657922143223483,-0.3516690809840997,-0.8075349752733214,-1.1375326479907097,1,0,0,0,1,0,0,1,0,1,1,0,0
344,-0.07954588510280389,1.6164554338220007,1.9375645119962435,1.5752381640362285,-1.2285012691595418,1,0,0,0,1,0,0,1,0,1,1,0,0
345,0.610189365340883,2.771012257958575,0.6634864891184521,0.0926237662436196,0.6818397753859307,1,0,1,0,0,0,0,0,1,1,0,1,0
346,0.610189365340883,-0.4673788341318171,-0.35177135071699983,-0.11917829058389594,0.40893391187943456,1,1,0,0,0,0,0,0,1,1,0,1,0
347,0.610189365340883,-0.5518586017515664,-0.46985593760720523,0.03967325203674073,0.7728083965547626,1,1,0,0,0,0,0,0,1,1,0,1,0
349,0.610189365340883,-0.8616177496906475,-1.20024488474145,-0.14565354768733538,0.9547456388924267,1,0,1,0,0,0,0,0,1,1,0,1,0
354,0.610189365340883,1.4756558211224184,1.2777945733126013,-0.06622777637701704,0.4999025330482666,1,0,1,0,0,0,0,0,1,1,0,1,0
365,0.610189365340883,-0.1294597636528196,0.047544365391940555,-0.4633566329286087,1.1366828812300906,1,0,1,0,0,0,0,0,1,1,1,0,0
367,0.610189365340883,0.8561375252442563,-0.1421115802896777,0.06614850914018017,0.6818397753859307,1,0,1,0,0,0,0,0,1,1,0,1,0
368,0.610189365340883,-0.7208181369910652,-0.5974967244850343,-0.4368813758251692,0.4999025330482666,1,0,1,0,0,0,0,0,1,1,0,1,0
369,0.610189365340883,0.40557876460559306,0.5529295826414206,0.9133567364502424,1.5915259870742509,1,1,0,0,0,0,0,0,1,1,0,1,0
370,0.610189365340883,-0.21393953127256898,0.0821083937482604,0.22500005176081683,0.40893391187943456,1,1,0,0,0,0,0,0,1,1,1,0,0
371,0.610189365340883,2.742852335418659,1.3929709183865564,0.03967325203674073,0.5908711542170986,1,0,1,0,0,0,0,0,1,1,0,1,0
372,0.610189365340883,-0.6363383693713158,-0.5621782917811565,0.9398319935536817,1.7734632294119148,1,1,0,0,0,0,0,0,1,1,0,1,0
373,0.610189365340883,0.20845930682617786,-0.6233024561168075,-0.3839308616182904,1.3186201235677548,1,0,1,0,0,0,0,0,1,1,0,1,0
382,0.610189365340883,-0.7771379820708981,-0.9062609732668477,-0.542782404238927,-1.6833443750037018,1,1,0,0,0,0,0,0,1,1,1,0,0
385,0.610189365340883,0.9969371379438386,0.14317938481011824,-0.48983189003204813,-0.045909193964725516,1,0,1,0,0,0,0,0,1,1,0,1,0
401,0.610189365340883,-0.5518586017515664,-0.5710511813252008,0.0926237662436196,-0.5917209209777177,1,0,1,0,0,0,0,0,1,1,0,1,0
404,-0.9384883847290652,-0.32657922143223483,-0.2334374028490963,-0.542782404238927,-0.5007522998088856,1,0,0,0,1,0,0,1,0,1,1,0,0
408,0.610189365340883,-0.32657922143223483,0.37619653953448584,0.06614850914018017,1.0457142600612588,1,0,1,0,0,0,0,0,1,1,1,0,0
421,0.610189365340883,1.70093520144175,0.5511809047742675,-0.14565354768733538,0.22699666954177056,1,0,1,0,0,0,0,0,1,1,0,1,0
423,0.610189365340883,0.01133984904676267,1.5147024095755972,-2.581377201203764,0.8637770177235947,1,0,1,0,0,0,0,0,1,1,1,0,0
424,0.610189365340883,-0.38289906651206773,-0.7051142904583299,-0.4368813758251692,1.0457142600612588,1,0,1,0,0,0,0,0,1,1,1,0,0
425,0.610189365340883,-0.7489780595309816,-0.6679165959955846,-0.3574556045148509,0.6818397753859307,1,0,1,0,0,0,0,0,1,1,1,0,0
426,0.610189365340883,-0.43921891159190063,-0.8348147555647537,-0.2250793189976537,1.0457142600612588,1,0,1,0,0,0,0,0,1,1,0,1,0
427,0.610189365340883,-0.5800185242914829,-0.6659128801871913,0.19852479465737738,0.04505942720410651,1,1,0,0,0,0,0,0,1,1,1,0,0
431,0.610189365340883,-0.29841929889231833,-0.44607663149490717,0.3309010801745746,-0.5007522998088856,1,1,0,0,0,0,0,0,1,1,0,1,0
432,0.610189365340883,-0.04497999603307024,-0.4681583975465874,-0.4633566329286087,0.3179652907106026,1,0,1,0,0,0,0,0,1,1,1,0,0
433,0.610189365340883,-0.016820073493153787,1.0342195371547747,-0.3839308616182904,-1.4104385114972058,1,0,1,0,0,0,0,0,1,1,1,0,0
434,0.610189365340883,0.82797760270434,-0.1888277744618634,-0.19860406189421426,-0.4097836786400536,1,0,1,0,0,0,0,0,1,1,1,0,0
435,0.610189365340883,-0.1294597636528196,1.5228391147533706,-0.5163071471354875,0.4999025330482666,1,0,1,0,0,0,0,0,1,1,0,1,0
437,0.610189365340883,-0.6081784468313993,-0.057941885617377724,0.06614850914018017,1.1366828812300906,1,1,0,0,0,0,0,0,1,1,0,1,0
438,0.610189365340883,-0.4673788341318171,-0.10617488822103215,-0.2780298332045326,0.40893391187943456,1,0,1,0,0,0,0,0,1,1,0,1,0
439,0.610189365340883,-0.6081784468313993,-0.462177919240924,-0.5692576613423664,-0.4097836786400536,1,0,1,0,0,0,0,0,1,1,1,0,0
440,0.610189365340883,0.09581961666651204,0.23860898038441528,-0.41040611872172983,0.04505942720410651,1,0,1,0,0,0,0,0,1,1,0,1,0
441,0.610189365340883,-0.6644982919112323,-0.19385379259349161,0.19852479465737738,-0.045909193964725516,1,1,0,0,0,0,0,0,1,1,0,1,0
443,0.610189365340883,-0.1294597636528196,0.39064573945609543,-0.2780298332045326,-0.5007522998088856,1,0,1,0,0,0,0,0,1,1,0,1,0
445,0.610189365340883,-0.0731399185729867,-0.006258739765965357,-0.48983189003204813,0.9547456388924267,1,0,1,0,0,0,0,0,1,1,0,1,0
446,0.610189365340883,1.503815743662335,0.2812630822551149,0.0926237662436196,-0.4097836786400536,1,0,1,0,0,0,0,0,1,1,0,1,0
447,0.610189365340883,4.235328230034231,1.9605989229158194,-0.2780298332045326,1.0457142600612588,1,0,1,0,0,0,0,0,1,1,0,1,0
448,0.610189365340883,-0.4673788341318171,-0.04342986929456722,-0.039752519273577605,0.5908711542170986,1,0,1,0,0,0,0,0,1,1,1,0,0
450,0.610189365340883,3.475010321456487,0.70751270609775,-0.5957329184458059,-0.9555954056530457,1,0,1,0,0,0,0,0,1,1,0,1,0
451,0.610189365340883,-0.6363383693713158,-0.5806799893716623,0.06614850914018017,-1.1375326479907097,1,1,0,0,0,0,0,0,1,1,1,0,0
452,0.610189365340883,0.15213946174634496,0.5889885262468525,-0.039752519273577605,1.2276515023989227,1,0,1,0,0,0,0,0,1,1,0,1,0
453,0.610189365340883,-0.4955387566717335,0.3500003353492817,0.2514753088642563,0.7728083965547626,1,1,0,0,0,0,0,0,1,1,1,0,0
454,0.610189365340883,-0.2702593763524019,0.9118701963647237,0.19852479465737738,0.04505942720410651,1,1,0,0,0,0,0,0,1,1,0,1,0
456,0.610189365340883,0.9406172928640057,0.1338989438988814,0.013197994933301281,-0.4097836786400536,1,0,1,0,0,0,0,0,1,1,0,1,0
458,0.610189365340883,-0.833457827150731,-1.0103884305934046,-1.6282679454799442,0.04505942720410651,1,0,1,0,0,0,0,0,1,1,0,1,0
459,0.610189365340883,9.89547266055744,4.592777450676952,-0.8340102323767609,-1.5923757538348697,1,0,1,0,0,0,0,0,1,1,1,0,0
462,0.610189365340883,1.081416905563588,1.4526826345539026,0.06614850914018017,-1.865281617341366,1,0,1,0,0,0,0,0,1,1,1,0,0
464,0.610189365340883,3.672129779235902,1.1472743306655566,-0.013277262170138162,0.7728083965547626,1,0,1,0,0,0,0,0,1,1,0,1,0
466,0.610189365340883,0.1802993842862614,-0.6574421699313008,0.0926237662436196,0.6818397753859307,1,0,1,0,0,0,0,0,1,1,0,1,0
467,0.610189365340883,-0.04497999603307024,1.1010992370343884,-0.33098034741141147,0.13602804837293853,1,0,1,0,0,0,0,0,1,1,0,1,0
469,0.610189365340883,-0.4110589890519842,-0.9314793418381233,0.27795056596769574,-0.4097836786400536,1,1,0,0,0,0,0,0,1,1,1,0,0
470,0.610189365340883,-0.6926582144511487,-0.8509090091090468,-0.7545844610664426,-1.5014071326660379,1,0,1,0,0,0,0,0,1,1,1,0,0
472,0.610189365340883,-0.6363383693713158,-0.3960973256166183,-1.919495773617778,-1.865281617341366,1,0,1,0,0,0,0,0,1,1,0,1,0
473,-0.20804390012162216,1.081416905563588,0.1895043596222413,2.2371195916222146,-0.4097836786400536,1,0,0,0,1,0,0,1,0,1,1,0,0
475,0.610189365340883,-0.6644982919112323,-0.19527138745113043,-1.5223669170661864,-1.865281617341366,1,0,1,0,0,0,0,0,1,1,1,0,0
477,0.610189365340883,-0.29841929889231833,0.01958283315974083,-2.2636741159624907,-1.865281617341366,1,0,1,0,0,0,0,0,1,1,0,1,0
478,0.610189365340883,-0.52369867921165,-0.04511824792492191,-0.09270303348045648,-0.5007522998088856,1,0,1,0,0,0,0,0,1,1,1,0,0
481,0.610189365340883,-0.5518586017515664,0.026876099386159615,0.1455742804504985,-1.1375326479907097,1,1,0,0,0,0,0,0,1,1,1,0,0
482,0.610189365340883,0.01133984904676267,-0.16686091199845315,0.0926237662436196,0.6818397753859307,1,0,1,0,0,0,0,0,1,1,0,1,0
485,0.610189365340883,-0.4673788341318171,-0.06763247546451746,0.27795056596769574,1.1366828812300906,1,1,0,0,0,0,0,0,1,1,0,1,0
486,0.610189365340883,-0.10129984111290316,1.2465718032787962,-0.09270303348045648,-0.8646267844842137,1,0,1,0,0,0,0,0,1,1,0,1,0
487,0.610189365340883,-0.016820073493153787,0.578868304337524,-0.5957329184458059,-1.5014071326660379,1,0,1,0,0,0,0,0,1,1,1,0,0
491,-0.7435133638344945,1.1377367506434208,-0.3895711022044119,0.5162278798986507,-1.1375326479907097,1,0,1,0,0,0,0,1,0,1,1,0,0
493,0.610189365340883,0.2366192293660943,2.8572587639082028,-0.5163071471354875,0.22699666954177056,1,0,1,0,0,0,0,0,1,1,1,0,0
495,0.610189365340883,-0.18577960873265253,0.356578039272521,0.03967325203674073,0.04505942720410651,1,0,1,0,0,0,0,0,1,1,0,1,0
497,0.610189365340883,-0.29841929889231833,-0.30159100177403564,-0.039752519273577605,1.1366828812300906,1,0,1,0,0,0,0,0,1,1,0,1,0
499,0.610189365340883,0.20845930682617786,1.0729013095175786,-1.1517133176180343,-1.5923757538348697,1,0,1,0,0,0,0,0,1,1,0,1,0
500,0.610189365340883,0.5182184547652589,2.8011349979107507,0.9133567364502424,0.22699666954177056,1,1,0,0,0,0,0,0,1,1,0,1,0
501,0.610189365340883,-0.1294597636528196,0.5624389217867655,0.0926237662436196,0.13602804837293853,1,0,1,0,0,0,0,0,1,1,0,1,0
502,0.610189365340883,-0.4673788341318171,-0.25096261400122377,-0.542782404238927,-0.5007522998088856,1,0,1,0,0,0,0,0,1,1,0,1,0
505,0.610189365340883,-0.5800185242914829,-0.6612014619838626,-0.41040611872172983,1.2276515023989227,1,0,1,0,0,0,0,0,1,1,0,1,0
506,0.610189365340883,-0.4110589890519842,-0.5939699411620255,0.06614850914018017,0.5908711542170986,1,1,0,0,0,0,0,0,1,1,0,1,0
509,0.610189365340883,0.1239795392064285,0.6559670631213619,-1.734168973893702,-1.5923757538348697,1,0,1,0,0,0,0,0,1,1,0,1,0
517,0.610189365340883,0.1802993842862614,-0.3901906803764569,-1.0458122892042765,-0.4097836786400536,1,0,1,0,0,0,0,0,1,1,1,0,0
518,0.610189365340883,-0.8897776722305639,-1.1337951257896342,-1.6812184596868232,-1.1375326479907097,1,0,1,0,0,0,0,0,1,1,1,0,0
520,0.610189365340883,-0.6363383693713158,-0.8870576779788343,0.19852479465737738,1.5915259870742509,1,1,0,0,0,0,0,0,1,1,0,1,0
521,0.610189365340883,-0.6644982919112323,-0.6534028642537224,0.5162278798986507,1.7734632294119148,1,1,0,0,0,0,0,0,1,1,0,1,0
522,0.010118339487492306,1.447495898582502,0.05010924526704702,1.9988422776912596,-0.5007522998088856,1,0,1,0,0,0,0,1,0,1,1,0,0
523,0.610189365340883,-0.7208181369910652,-0.4276751597851734,-0.3574556045148509,-0.4097836786400536,1,0,1,0,0,0,0,0,1,1,0,1,0
524,0.610189365340883,-0.29841929889231833,0.3693773507881196,-0.7545844610664426,-0.6826895421465496,1,0,1,0,0,0,0,0,1,1,0,1,0
525,0.610189365340883,-0.29841929889231833,0.2791316441151009,-0.4368813758251692,0.3179652907106026,1,0,1,0,0,0,0,0,1,1,0,1,0
526,0.610189365340883,-0.18577960873265253,0.42381886678328734,-0.5692576613423664,0.4999025330482666,1,0,1,0,0,0,0,0,1,1,0,1,0
527,0.610189365340883,-0.38289906651206773,0.11013691643721514,-0.41040611872172983,-1.865281617341366,1,0,1,0,0,0,0,0,1,1,0,1,0
528,0.610189365340883,0.3210989969858437,2.1237288959687612,-0.06622777637701704,-0.045909193964725516,1,0,1,0,0,0,0,0,1,1,0,1,0
530,0.610189365340883,-0.9179375947704804,-0.9838085270126784,-2.0518720591349755,-0.7736581633153816,1,0,1,0,0,0,0,0,1,1,0,1,0
533,0.610189365340883,-0.1294597636528196,-0.027433505721260926,-0.304505090307972,0.04505942720410651,1,0,1,0,0,0,0,0,1,1,0,1,0
534,0.610189365340883,-0.8052979046108145,-1.0630219030304866,-0.4368813758251692,1.409588744736587,1,0,1,0,0,0,0,0,1,1,0,1,0
535,0.610189365340883,-0.4673788341318171,0.1945671983995225,-0.33098034741141147,0.3179652907106026,1,0,1,0,0,0,0,0,1,1,0,1,0
537,0.610189365340883,-0.4955387566717335,-0.09423005185347569,-0.6222081755492453,-0.4097836786400536,1,0,1,0,0,0,0,0,1,1,0,1,0
560,0.610189365340883,-0.5800185242914829,-1.0854375701154555,-0.8604854894802003,-0.7736581633153816,1,0,1,0,0,0,0,0,1,1,0,1,0
591,0.610189365340883,-0.8052979046108145,-0.8205319764453594,-0.5163071471354875,-1.6833443750037018,1,1,0,0,0,0,0,0,1,1,0,1,0
641,0.610189365340883,-0.833457827150731,-0.09217357962285865,-2.2371988588590512,-0.3188150574712216,1,1,0,0,0,0,0,0,1,1,1,0,0
649,0.610189365340883,-0.833457827150731,-0.5330350601640337,-1.8135947452040202,-1.4104385114972058,1,0,1,0,0,0,0,0,1,1,1,0,0
657,0.610189365340883,-0.21393953127256898,-0.3648764864900507,-1.9989215449280964,-0.045909193964725516,1,0,1,0,0,0,0,0,1,1,0,1,0
660,0.610189365340883,-0.9460975173103968,-1.1312061741421606,-1.3635153744455497,-1.865281617341366,1,0,1,0,0,0,0,0,1,1,1,0,0
672,0.610189365340883,-0.0731399185729867,-0.2153026191351561,-0.06622777637701704,-0.3188150574712216,1,0,1,0,0,0,0,0,1,1,0,1,0
697,-1.0970526168161172,-0.52369867921165,-0.7234942332141363,0.06614850914018017,-1.774312996172534,1,0,0,0,1,0,0,1,0,1,1,0,0
704,0.610189365340883,4.685886990672895,0.14234001943388463,-0.5957329184458059,0.5908711542170986,1,0,1,0,0,0,0,0,1,1,1,0,0
707,0.610189365340883,-0.04497999603307024,1.5491578401432053,-2.396050401479688,-0.7736581633153816,1,0,1,0,0,0,0,0,1,1,0,1,0
721,0.610189365340883,-0.32657922143223483,0.44451155487793137,-0.11917829058389594,1.0457142600612588,1,1,0,0,0,0,0,0,1,1,1,0,0
723,0.610189365340883,-0.4955387566717335,0.03478743902159704,0.013197994933301281,-0.5917209209777177,1,1,0,0,0,0,0,0,1,1,1,0,0
724,0.610189365340883,0.01133984904676267,0.49949775892285514,0.6221289083124085,0.04505942720410651,1,1,0,0,0,0,0,0,1,1,1,0,0
733,0.610189365340883,0.46189860968542595,0.8686265354104172,-0.4633566329286087,0.40893391187943456,1,0,1,0,0,0,0,0,1,1,0,1,0
745,0.610189365340883,-0.10129984111290316,0.8668172597953927,-2.2636741159624907,-1.0465640268218777,1,0,1,0,0,0,0,0,1,1,1,0,0
763,0.610189365340883,-0.6363383693713158,-1.0650046708277738,0.7545051938296057,-0.045909193964725516,1,1,0,0,0,0,0,0,1,1,1,0,0
777,-1.2846634112152888,1.3630161309627526,0.35300427072385193,-0.8604854894802003,-0.4097836786400536,1,0,1,0,0,0,0,1,0,1,1,0,0
779,0.610189365340883,1.025097060483755,-0.5186602143499676,4.169813360173294,-1.774312996172534,1,0,0,1,0,0,0,0,1,1,1,0,0
780,0.610189365340883,-0.43921891159190063,-0.4485368101878072,0.0926237662436196,-1.865281617341366,1,1,0,0,0,0,0,0,1,1,1,0,0
781,0.610189365340883,-0.21393953127256898,0.2526029610276858,0.7809804509330451,0.5908711542170986,1,1,0,0,0,0,0,0,1,1,1,0,0
782,0.610189365340883,-0.3547391439721513,0.3103005285739351,0.27795056596769574,0.9547456388924267,1,1,0,0,0,0,0,0,1,1,1,0,0
787,0.610189365340883,-0.5518586017515664,0.1683725108127198,-2.528426686996885,-1.865281617341366,1,1,0,0,0,0,0,0,1,1,1,0,0
789,0.610189365340883,-0.7489780595309816,-0.966088591292194,1.7605649637603045,-1.3194698903283737,1,1,0,0,0,0,0,0,1,1,1,0,0
790,0.610189365340883,-0.6081784468313993,-0.1777082653210929,-0.11917829058389594,0.3179652907106026,1,1,0,0,0,0,0,0,1,1,0,1,0
792,0.610189365340883,-0.4110589890519842,0.2812630822551149,0.06614850914018017,0.22699666954177056,1,1,0,0,0,0,0,0,1,1,1,0,0
793,0.610189365340883,-0.6644982919112323,-0.661799531174043,0.0926237662436196,-0.5007522998088856,1,1,0,0,0,0,0,0,1,1,1,0,0
794,0.610189365340883,0.4900585322253424,0.2590995016203903,0.43680210858833235,-1.1375326479907097,1,1,0,0,0,0,0,0,1,1,1,0,0
797,0.610189365340883,-0.21393953127256898,-0.36221183450200806,-0.09270303348045648,0.6818397753859307,1,1,0,0,0,0,0,0,1,1,1,0,0
798,0.610189365340883,-0.6926582144511487,-0.38476621025794117,0.7545051938296057,1.0457142600612588,1,1,0,0,0,0,0,0,1,1,1,0,0
800,0.610189365340883,-0.1294597636528196,-0.2532639043545333,-0.48983189003204813,-0.045909193964725516,1,0,1,0,0,0,0,0,1,1,1,0,0
801,0.610189365340883,-0.10129984111290316,-0.03339738005859889,-0.17212880479077483,0.8637770177235947,1,1,0,0,0,0,0,0,1,1,1,0,0
805,0.610189365340883,-0.6926582144511487,-0.7191651391871857,-0.09270303348045648,-0.9555954056530457,1,1,0,0,0,0,0,0,1,1,1,0,0
807,0.610189365340883,-0.4673788341318171,-0.3144782277525697,-0.19860406189421426,0.7728083965547626,1,1,0,0,0,0,0,0,1,1,1,0,0
808,0.610189365340883,-0.5800185242914829,-0.6790499065048983,0.7545051938296057,0.9547456388924267,1,1,0,0,0,0,0,0,1,1,1,0,0
814,0.610189365340883,-0.3547391439721513,0.408670884542894,0.06614850914018017,1.5915259870742509,1,0,1,0,0,0,0,0,1,1,0,1,0
820,0.610189365340883,-0.32657922143223483,-0.8998581384755326,-0.4368813758251692,0.9547456388924267,1,0,1,0,0,0,0,0,1,1,1,0,0
823,0.610189365340883,-0.5800185242914829,-0.12711778852619113,-1.3899906315489892,0.22699666954177056,1,1,0,0,0,0,0,0,1,1,1,0,0
843,0.610189365340883,-0.0731399185729867,-0.28548196930086817,0.0926237662436196,0.9547456388924267,1,0,1,0,0,0,0,0,1,1,0,1,0
858,0.610189365340883,-0.29841929889231833,0.4017957596497657,0.3309010801745746,0.9547456388924267,1,1,0,0,0,0,0,0,1,1,1,0,0
859,0.610189365340883,-0.29841929889231833,-0.12439164456919356,-0.013277262170138162,-0.9555954056530457,1,1,0,0,0,0,0,0,1,1,1,0,0
860,0.610189365340883,-0.18577960873265253,-0.08487236346595538,0.5162278798986507,1.1366828812300906,1,1,0,0,0,0,0,0,1,1,1,0,0
861,0.610189365340883,0.4337386871455095,-0.1756861953390161,-0.09270303348045648,0.7728083965547626,1,1,0,0,0,0,0,0,1,1,0,1,0
862,0.610189365340883,-0.15761968619273606,0.6980297995570971,0.35737633727801404,-0.5917209209777177,1,1,0,0,0,0,0,0,1,1,0,1,0
864,0.610189365340883,-0.7489780595309816,-0.7046019292222169,-0.11917829058389594,-0.6826895421465496,1,1,0,0,0,0,0,0,1,1,0,1,0
868,-1.0744085341407459,-0.43921891159190063,-0.5830252749817264,0.6750794225192873,-0.5917209209777177,1,0,0,0,1,0,0,1,0,1,1,0,0
870,0.610189365340883,0.20845930682617786,-0.03440759598860954,3.40203090417355,-0.9555954056530457,1,0,0,1,0,0,0,0,1,1,1,0,0
871,0.610189365340883,-0.18577960873265253,0.46627287944694723,0.19852479465737738,-1.3194698903283737,1,1,0,0,0,0,0,0,1,1,0,1,0
872,0.610189365340883,-0.8616177496906475,-1.2163228186963293,-0.17212880479077483,-0.9555954056530457,1,1,0,0,0,0,0,0,1,1,0,1,0
873,0.610189365340883,0.01133984904676267,1.1526657918381176,-0.06622777637701704,0.13602804837293853,1,1,0,0,0,0,0,0,1,1,1,0,0
874,0.610189365340883,-0.6644982919112323,-0.766140667959703,-0.17212880479077483,1.0457142600612588,1,1,0,0,0,0,0,0,1,1,0,1,0
875,0.610189365340883,0.2929390744459272,1.9886271054960951,-0.3574556045148509,0.13602804837293853,1,1,0,0,0,0,0,0,1,1,1,0,0
876,0.610189365340883,-0.6644982919112323,-1.0013012840700795,-0.013277262170138162,0.04505942720410651,1,1,0,0,0,0,0,0,1,1,1,0,0
877,0.610189365340883,-0.0731399185729867,1.0668645383205024,0.013197994933301281,0.13602804837293853,1,1,0,0,0,0,0,0,1,1,0,1,0
878,0.610189365340883,-0.4955387566717335,0.28907352224210514,0.4632773656917718,-0.045909193964725516,1,1,0,0,0,0,0,0,1,1,0,1,0
880,0.610189365340883,1.391176053502669,2.1752328493055875,0.43680210858833235,-1.6833443750037018,1,1,0,0,0,0,0,0,1,1,0,1,0
881,0.610189365340883,-0.4673788341318171,0.4729416724600326,0.1455742804504985,-0.8646267844842137,1,1,0,0,0,0,0,0,1,1,0,1,0
882,0.610189365340883,-0.21393953127256898,0.5844057842501754,0.22500005176081683,0.7728083965547626,1,1,0,0,0,0,0,0,1,1,1,0,0
884,0.610189365340883,-0.4110589890519842,-0.41047253451436055,3.2961298757597923,-1.4104385114972058,1,1,0,0,0,0,0,0,1,1,1,0,0
885,0.610189365340883,-0.6644982919112323,0.09202396382032693,0.11909902334705906,0.5908711542170986,1,1,0,0,0,0,0,0,1,1,1,0,0
886,0.610189365340883,-0.52369867921165,-0.46946407702072834,-0.09270303348045648,0.22699666954177056,1,1,0,0,0,0,0,0,1,1,1,0,0
887,0.610189365340883,-0.29841929889231833,-0.009880739205686847,2.1576938203118963,-0.3188150574712216,1,1,0,0,0,0,0,0,1,1,1,0,0
888,0.610189365340883,-0.4673788341318171,0.09338771810240645,0.35737633727801404,-0.045909193964725516,1,1,0,0,0,0,0,0,1,1,1,0,0
889,0.610189365340883,-0.4955387566717335,-0.6101263531424669,3.3490803899666712,-1.1375326479907097,1,0,0,1,0,0,0,0,1,1,1,0,0
890,0.610189365340883,-0.6081784468313993,0.27310961618761487,-0.2250793189976537,1.0457142600612588,1,1,0,0,0,0,0,0,1,1,1,0,0
891,0.610189365340883,-0.3547391439721513,0.6492348173738982,0.11909902334705906,0.22699666954177056,1,1,0,0,0,0,0,0,1,1,1,0,0
892,0.610189365340883,-0.1294597636528196,0.20407545659100168,0.0926237662436196,-0.3188150574712216,1,1,0,0,0,0,0,0,1,1,1,0,0
893,0.610189365340883,-0.32657922143223483,0.617047771103699,-0.09270303348045648,0.13602804837293853,1,1,0,0,0,0,0,0,1,1,1,0,0
894,0.610189365340883,-0.5800185242914829,-0.3436383068734897,-0.013277262170138162,0.3179652907106026,1,1,0,0,0,0,0,0,1,1,1,0,0
906,0.610189365340883,-0.5800185242914829,-0.34027536848776896,0.6486041654158479,1.5915259870742509,1,1,0,0,0,0,0,0,1,1,0,1,0
910,0.610189365340883,0.039499771586679125,0.9458924729480535,-1.7871194881005807,-1.865281617341366,1,0,1,0,0,0,0,0,1,1,0,1,0
913,-0.27428526486684485,1.8980546592211653,1.216940198576321,0.9398319935536817,-0.7736581633153816,1,0,1,0,0,0,0,1,0,1,1,0,0
947,0.610189365340883,1.5882955112820842,1.9883699221039257,-0.013277262170138162,-0.045909193964725516,1,0,1,0,0,0,0,0,1,1,0,1,0
976,0.610189365340883,-0.6644982919112323,0.5660748162634677,-2.343099887272809,-1.3194698903283737,1,0,0,0,1,0,0,0,1,1,0,1,0
980,0.610189365340883,-0.0731399185729867,0.27140878881358477,-0.2780298332045326,-0.045909193964725516,1,0,1,0,0,0,0,0,1,1,0,1,0
987,0.610189365340883,-0.8616177496906475,-1.139937540482659,0.03967325203674073,0.8637770177235947,1,1,0,0,0,0,0,0,1,1,0,1,0
991,0.610189365340883,-0.5518586017515664,-0.6347257933191391,0.8604062222433635,0.8637770177235947,1,1,0,0,0,0,0,0,1,1,1,0,0
994,0.610189365340883,1.8135748916014158,2.097415680383828,-1.0458122892042765,-1.865281617341366,1,1,0,0,0,0,0,0,1,1,0,1,0
998,0.610189365340883,-0.4955387566717335,-0.5259482524285538,0.17204953755393795,-0.5007522998088856,1,1,0,0,0,0,0,0,1,1,0,1,0
1000,0.610189365340883,0.4337386871455095,0.71310847527264,-0.5957329184458059,-1.1375326479907097,1,0,1,0,0,0,0,0,1,1,1,0,0
1003,0.610189365340883,0.34925891952576016,0.23394483333393207,0.4632773656917718,-0.045909193964725516,1,1,0,0,0,0,0,0,1,1,0,1,0
1005,0.610189365340883,-0.29841929889231833,-0.5051505939349701,0.0926237662436196,0.3179652907106026,1,0,1,0,0,0,0,0,1,1,0,1,0
1007,0.610189365340883,-0.6363383693713158,0.03478743902159704,0.013197994933301281,1.5005573659054188,1,1,0,0,0,0,0,0,1,1,0,1,0
1013,-0.36588699474583614,-0.38289906651206773,-0.6259683374837263,3.110803076035716,-1.6833443750037018,1,0,0,0,1,0,0,1,0,1,1,0,0
1016,0.610189365340883,-0.833457827150731,-0.9404413159072826,-1.0987628034111554,0.04505942720410651,1,0,1,0,0,0,0,0,1,1,0,1,0
1017,0.610189365340883,-0.43921891159190063,-0.11788891586442866,-0.2250793189976537,0.40893391187943456,1,1,0,0,0,0,0,0,1,1,1,0,0
1018,0.610189365340883,-0.52369867921165,-0.23309377125787814,0.03967325203674073,1.409588744736587,1,1,0,0,0,0,0,0,1,1,0,1,0
1019,0.610189365340883,-0.8616177496906475,-1.0337041354887786,-0.09270303348045648,0.7728083965547626,1,1,0,0,0,0,0,0,1,1,0,1,0
1021,0.610189365340883,-0.15761968619273606,1.4844381629242749,-0.4368813758251692,-0.6826895421465496,1,0,1,0,0,0,0,0,1,1,1,0,0
1022,0.610189365340883,-0.6363383693713158,-0.7445893947861413,-0.09270303348045648,0.40893391187943456,1,0,1,0,0,0,0,0,1,1,0,1,0
1023,0.610189365340883,-0.016820073493153787,1.7726838266826468,0.03967325203674073,0.9547456388924267,1,1,0,0,0,0,0,0,1,1,0,1,0
1024,0.610189365340883,-0.24209945381248543,-0.2645642704178,-1.3370401173421103,-1.2285012691595418,1,0,1,0,0,0,0,0,1,1,0,1,0
1025,0.610189365340883,-0.8052979046108145,-0.7170929428060795,-0.06622777637701704,-1.865281617341366,1,1,0,0,0,0,0,0,1,1,1,0,0
1027,0.610189365340883,0.1239795392064285,0.5913096553101044,-1.072287546307716,0.4999025330482666,1,0,1,0,0,0,0,0,1,1,1,0,0
1029,0.044412071523794366,0.2366192293660943,0.27879069854465816,3.2961298757597923,-1.2285012691595418,1,0,0,0,1,0,0,1,0,1,1,0,0
1030,0.610189365340883,-0.52369867921165,0.4325206209317393,-2.740228743824401,-1.774312996172534,1,0,1,0,0,0,0,0,1,1,0,1,0
1033,0.610189365340883,-0.32657922143223483,0.10384112751064335,0.19852479465737738,-0.5007522998088856,1,1,0,0,0,0,0,0,1,1,0,1,0
1034,0.610189365340883,0.06765969412659559,0.4483166779168565,0.1455742804504985,0.9547456388924267,1,1,0,0,0,0,0,0,1,1,1,0,0
1035,0.610189365340883,0.09581961666651204,0.6355209834438798,-0.3574556045148509,0.5908711542170986,1,0,1,0,0,0,0,0,1,1,1,0,0
1036,0.610189365340883,-0.4955387566717335,0.9210845629393759,-1.5223669170661864,-1.5923757538348697,1,0,1,0,0,0,0,0,1,1,0,1,0
1039,0.610189365340883,-0.5518586017515664,-0.46561024150083175,0.0926237662436196,-0.4097836786400536,1,1,0,0,0,0,0,0,1,1,0,1,0
1040,0.610189365340883,-0.6644982919112323,-0.4689459502452756,-1.6812184596868232,-1.774312996172534,1,0,1,0,0,0,0,0,1,1,0,1,0
1044,0.610189365340883,-0.8616177496906475,-1.0635482377548573,0.3309010801745746,0.22699666954177056,1,1,0,0,0,0,0,0,1,1,0,1,0
1047,0.610189365340883,-0.6644982919112323,-0.6720987486568877,-0.2250793189976537,0.8637770177235947,1,1,0,0,0,0,0,0,1,1,1,0,0
1050,0.610189365340883,-0.7771379820708981,-0.8237635756649007,-0.6222081755492453,-0.5917209209777177,1,1,0,0,0,0,0,0,1,1,0,1,0
1051,0.610189365340883,0.715337912544674,0.2496958873076956,-0.25155457610109316,0.6818397753859307,1,0,1,0,0,0,0,0,1,1,0,1,0
1053,-0.28011626029189535,0.2366192293660943,1.0085824838804196,1.787040220863744,-0.5917209209777177,1,0,0,0,1,0,0,1,0,1,1,0,0
1059,0.610189365340883,-0.7771379820708981,-0.882411117056574,-0.25155457610109316,0.6818397753859307,1,0,1,0,0,0,0,0,1,1,0,1,0
1062,0.610189365340883,-0.43921891159190063,2.444999034901019,-2.8990802864450376,-1.2285012691595418,1,0,1,0,0,0,0,0,1,1,0,1,0
1064,0.610189365340883,-0.6081784468313993,-0.4886347677124803,-0.25155457610109316,-0.045909193964725516,1,1,0,0,0,0,0,0,1,1,0,1,0
1066,0.610189365340883,-0.7771379820708981,-0.5064058432185936,-1.072287546307716,-1.4104385114972058,1,0,1,0,0,0,0,0,1,1,1,0,0
1068,0.610189365340883,-0.15761968619273606,0.6223770750797843,0.22500005176081683,1.3186201235677548,1,1,0,0,0,0,0,0,1,1,1,0,0
1069,0.610189365340883,2.517572955099327,2.695162833307855,-0.41040611872172983,-0.5007522998088856,1,0,1,0,0,0,0,0,1,1,1,0,0
1078,0.610189365340883,-0.32657922143223483,-0.5573744217392863,-0.06622777637701704,-0.4097836786400536,1,1,0,0,0,0,0,0,1,1,1,0,0
1164,0.610189365340883,0.3210989969858437,2.322102706517016,-0.6486834326526848,0.40893391187943456,1,0,1,0,0,0,0,0,1,1,1,0,0
1165,0.610189365340883,-0.6081784468313993,-0.5189952551514052,0.03967325203674073,0.8637770177235947,1,0,1,0,0,0,0,0,1,1,1,0,0
1166,0.610189365340883,-0.7489780595309816,-1.2212703102421425,0.0926237662436196,0.5908711542170986,1,0,1,0,0,0,0,0,1,1,0,1,0
1172,0.610189365340883,-0.2702593763524019,0.8582593362940227,-2.2371988588590512,-1.5923757538348697,1,0,1,0,0,0,0,0,1,1,0,1,0
1174,0.610189365340883,0.09581961666651204,-0.06298592672593142,-0.4368813758251692,-0.5917209209777177,1,0,1,0,0,0,0,0,1,1,1,0,0
1176,0.610189365340883,-0.5518586017515664,-0.42233746641804315,-0.14565354768733538,-1.2285012691595418,1,0,1,0,0,0,0,0,1,1,0,1,0
1177,0.610189365340883,-0.3547391439721513,0.0963813250630689,0.0926237662436196,0.8637770177235947,1,0,1,0,0,0,0,0,1,1,0,1,0
1187,0.610189365340883,-0.7771379820708981,-0.3522193895468477,-2.5549019441003247,-1.865281617341366,1,0,1,0,0,0,0,0,1,1,0,1,0
1189,0.610189365340883,-0.21393953127256898,1.774172896911259,-2.5549019441003247,0.13602804837293853,1,0,1,0,0,0,0,0,1,1,0,1,0
1192,0.610189365340883,-0.6926582144511487,-0.9137342357543998,-1.6547432025833837,-0.5917209209777177,1,0,1,0,0,0,0,0,1,1,0,1,0
1193,0.610189365340883,-0.5518586017515664,-0.6245511205506031,-1.4694164028593075,-0.045909193964725516,1,0,1,0,0,0,0,0,1,1,0,1,0
1195,0.610189365340883,0.40557876460559306,-0.14007300361386973,-0.11917829058389594,0.9547456388924267,1,0,1,0,0,0,0,0,1,1,0,1,0
1197,0.610189365340883,-0.9179375947704804,-1.0688642184710024,-0.4633566329286087,0.13602804837293853,1,0,1,0,0,0,0,0,1,1,0,1,0
1201,-0.740600164309867,0.06765969412659559,-0.08953275462725735,1.5222876498293496,-1.865281617341366,1,0,0,0,1,0,0,1,0,1,1,0,0
1211,0.610189365340883,-0.52369867921165,0.5844057842501754,-2.7931792580312798,-0.4097836786400536,1,0,1,0,0,0,0,0,1,1,0,1,0
1215,0.610189365340883,-0.016820073493153787,-0.7932111696289332,0.9398319935536817,-0.7736581633153816,1,0,0,1,0,0,0,0,1,1,1,0,0
1221,0.610189365340883,-0.4955387566717335,-0.7391649246676257,0.7809804509330451,0.04505942720410651,1,1,0,0,0,0,0,0,1,1,0,1,0
1236,0.610189365340883,-0.43921891159190063,0.10976464888006211,-0.14565354768733538,-1.5014071326660379,1,1,0,0,0,0,0,0,1,1,0,1,0
1238,0.610189365340883,-0.833457827150731,-0.6781396358343255,-2.2636741159624907,-1.1375326479907097,1,0,1,0,0,0,0,0,1,1,1,0,0
1241,0.610189365340883,-0.6081784468313993,-0.4240670280773825,-1.3105648602386708,-1.2285012691595418,1,0,1,0,0,0,0,0,1,1,0,1,0
1259,0.610189365340883,-0.6644982919112323,-0.8550901175374755,-0.7545844610664426,-0.045909193964725516,1,0,1,0,0,0,0,0,1,1,0,1,0
1260,0.610189365340883,3.2778908636770714,0.5660748162634677,1.8664659921740623,-1.865281617341366,1,0,0,1,0,0,0,0,1,1,1,0,0
1305,0.610189365340883,1.3630161309627526,1.9134009632864921,-1.9989215449280964,-1.3194698903283737,1,0,1,0,0,0,0,0,1,1,1,0,0
1307,0.610189365340883,-0.6926582144511487,2.444999034901019,-3.0579318290656743,-1.865281617341366,1,0,1,0,0,0,0,0,1,1,0,0,1
1317,0.610189365340883,-0.7771379820708981,-1.114623346596253,-1.8930205165143386,0.04505942720410651,1,0,0,1,0,0,0,0,1,1,1,0,0
1324,-1.1512449355323349,-0.43921891159190063,-0.6269406412321067,-1.6017926883765048,-0.9555954056530457,1,0,1,0,0,0,0,1,0,1,1,0,0
1333,0.610189365340883,-0.8052979046108145,-0.8903501563578664,-0.6751586897561243,0.40893391187943456,1,1,0,0,0,0,0,0,1,1,1,0,0
1345,-4.468348247796654,-0.2702593763524019,-0.5289411204519466,-2.025396802031536,-0.6826895421465496,1,0,0,0,1,0,0,1,0,1,1,0,0
1369,0.610189365340883,-0.8052979046108145,-0.24252454937242154,-1.919495773617778,-1.865281617341366,1,1,0,0,0,0,0,0,1,1,0,1,0
1384,0.610189365340883,-0.29841929889231833,0.4515062663465438,-2.581377201203764,-1.865281617341366,1,1,0,0,0,0,0,0,1,1,0,1,0
1388,0.610189365340883,-0.6926582144511487,-0.5239260443046397,-0.33098034741141147,-0.5917209209777177,1,0,1,0,0,0,0,0,1,1,1,0,0
1391,0.610189365340883,-0.9179375947704804,-0.9478474809916956,-2.6608029725140825,-1.865281617341366,1,1,0,0,0,0,0,0,1,1,0,1,0
1602,-1.054796438787538,-0.2702593763524019,0.46835268410897574,0.48975262279521126,1.5151123452924316,1,0,0,0,1,0,0,1,0,1,1,0,0
1604,-1.0786204694684596,0.2929390744459272,-0.1888277744618634,-0.09270303348045648,0.3361590149443689,1,0,0,0,1,0,0,1,0,1,1,0,0
1605,-1.524078891170099,1.2222165182631703,2.175291189743649,0.3309010801745746,-0.6026371555179774,1,0,0,0,1,0,0,1,0,1,1,0,0
1606,-0.7809040535571701,-0.04497999603307024,-0.5744015229383252,0.35737633727801404,1.0457142600612588,1,0,0,0,1,0,0,1,0,1,1,0,0
1607,-1.5376729564981946,-0.6926582144511487,-1.1167080449163098,-0.17212880479077483,-0.6426633488322636,1,0,0,0,1,0,0,1,0,1,1,0,0
1610,-1.1809317269790842,0.09581961666651204,0.35082481338924704,0.19852479465737738,1.4823636416716521,1,0,0,0,1,0,0,1,0,1,1,0,0
1612,-0.7552589742811469,-0.21393953127256898,-0.04001099828117328,0.11909902334705906,0.3179652907106026,1,0,0,0,1,0,0,1,0,1,1,0,0
1623,0.610189365340883,-0.04497999603307024,-0.6644277808125222,0.0926237662436196,-1.865281617341366,1,0,0,1,0,0,0,0,1,1,1,0,0
1632,0.610189365340883,-0.18577960873265253,-0.3549935477809744,0.4632773656917718,0.9001644661911273,1,0,0,1,0,0,0,0,1,1,1,0,0
1633,0.610189365340883,-0.6926582144511487,-0.9538354442514339,0.35737633727801404,-0.009521745497192835,1,0,0,1,0,0,0,0,1,1,1,0,0
1634,0.610189365340883,0.039499771586679125,-0.7670512851360508,0.3309010801745746,-1.4104385114972058,1,0,0,1,0,0,0,0,1,1,1,0,0
1635,0.610189365340883,1.1095768281035046,1.7881393487106554,1.1781093074846367,-0.045909193964725516,1,0,0,1,0,0,0,0,1,1,1,0,0
1636,0.610189365340883,-0.2702593763524019,0.25954029604129825,0.35737633727801404,0.4271276361132009,1,0,0,1,0,0,0,0,1,1,1,0,0
1637,0.610189365340883,-0.38289906651206773,-0.19310159940372418,0.48975262279521126,0.22335792469501733,1,0,0,1,0,0,0,0,1,1,1,0,0
1638,0.610189365340883,0.5745382998450917,-0.1421115802896777,0.5427031370020902,1.7006883324768496,1,0,0,1,0,0,0,0,1,1,1,0,0
1639,0.610189365340883,0.6871779900047577,1.4742547302136222,0.22500005176081683,-1.4104385114972058,1,0,0,1,0,0,0,0,1,1,1,0,0
1640,0.610189365340883,0.715337912544674,-0.2837662143628977,0.9663072506571212,0.8637770177235947,1,0,0,1,0,0,0,0,1,1,1,0,0
1641,0.610189365340883,0.40557876460559306,0.5989701149793406,0.3838515943814535,1.409588744736587,1,0,0,1,0,0,0,0,1,1,1,0,0
1642,0.610189365340883,-0.43921891159190063,-0.06688986640338365,0.5427031370020902,-0.8100456117829145,1,0,0,1,0,0,0,0,1,1,1,0,0
1644,0.610189365340883,-0.8616177496906475,-1.1827986159818997,0.4632773656917718,-1.1193389237569433,1,0,0,1,0,0,0,0,1,1,1,0,0
1646,0.610189365340883,-0.32657922143223483,0.3044307998665249,0.5427031370020902,-1.3558573387959065,1,0,0,1,0,0,0,0,1,1,1,0,0
1647,0.610189365340883,-0.43921891159190063,-0.8053930957878028,0.6486041654158479,1.1366828812300906,1,0,0,1,0,0,0,0,1,1,1,0,0
1648,0.610189365340883,-0.4110589890519842,-0.6533449496582748,0.1455742804504985,-0.6281083694452505,1,0,0,1,0,0,0,0,1,1,1,0,0
1649,0.610189365340883,-0.18577960873265253,-0.3289439226848504,0.5691783941055296,0.7546146723209963,1,0,0,1,0,0,0,0,1,1,1,0,0
1650,0.610189365340883,-0.5518586017515664,-0.09217357962285865,0.5691783941055296,-1.6469569265361692,1,0,0,1,0,0,0,0,1,1,1,0,0
1651,0.610189365340883,0.3774188420656766,-0.7428291362708614,0.5162278798986507,-1.374051063029673,1,0,0,1,0,0,0,0,1,1,1,0,0
1652,0.610189365340883,0.1239795392064285,-0.024797845264282064,0.27795056596769574,0.4999025330482666,1,0,0,1,0,0,0,0,1,1,1,0,0
1653,0.610189365340883,0.7434978350845906,1.7778610576099407,0.5162278798986507,1.009326811593726,1,0,0,1,0,0,0,0,1,1,1,0,0
1654,0.610189365340883,-0.1294597636528196,-0.07574868376786426,0.4632773656917718,-0.44617112710758644,1,0,0,1,0,0,0,0,1,1,1,0,0
1655,0.610189365340883,-0.18577960873265253,0.18968625802142502,0.9663072506571212,1.3368138478015215,1,0,0,1,0,0,0,0,1,1,1,0,0
1656,0.610189365340883,-0.38289906651206773,0.0819363740939791,0.3838515943814535,1.0602692394482716,1,0,0,1,0,0,0,0,1,1,1,0,0
1657,0.610189365340883,-0.43921891159190063,-0.7778142742620492,-0.013277262170138162,0.6454523269183979,1,0,0,1,0,0,0,0,1,1,1,0,0
1658,0.610189365340883,-0.43921891159190063,-0.6455045471183449,0.9927825077605607,1.4459761932041195,1,0,0,1,0,0,0,0,1,1,1,0,0
1659,0.610189365340883,-0.4673788341318171,-0.8004579819303432,0.5691783941055296,-0.700883266380316,1,0,0,1,0,0,0,0,1,1,1,0,0
1660,0.610189365340883,-0.6926582144511487,-0.9721689613923601,0.6221289083124085,-1.0283703025881115,1,0,0,1,0,0,0,0,1,1,1,0,0
1661,0.610189365340883,-0.6644982919112323,-0.8004579819303432,0.6750794225192873,-0.15507153936732387,1,0,0,1,0,0,0,0,1,1,1,0,0
1662,0.610189365340883,0.6590180674648412,0.32588891380749446,0.5162278798986507,-1.865281617341366,1,0,0,1,0,0,0,0,1,1,1,0,0
1663,0.610189365340883,-0.1294597636528196,-0.4059687053330523,0.48975262279521126,0.827389569256062,1,0,0,1,0,0,0,0,1,1,1,0,0
1664,0.610189365340883,-0.24209945381248543,-0.35106874437019303,0.5956536512089691,-0.518946024042652,1,0,0,1,0,0,0,0,1,1,1,0,0
1668,0.610189365340883,-0.29841929889231833,-0.7417313406376761,3.958011303345778,-1.7925067204063003,1,0,0,1,0,0,0,0,1,1,1,0,0
1669,0.610189365340883,0.06765969412659559,0.5944359365447892,0.7809804509330451,0.35435273917813526,1,0,0,1,0,0,0,0,1,1,1,0,0
1670,0.610189365340883,-0.3547391439721513,-0.5474799974459237,1.2045845645880762,1.0275205358274924,1,0,0,1,0,0,0,0,1,1,1,0,0
1671,0.610189365340883,0.34925891952576016,-0.3201920392706767,1.310485593001834,-1.101145199523177,1,0,0,1,0,0,0,0,1,1,1,0,0
1673,0.610189365340883,-0.6363383693713158,-0.39873040843452145,1.0986835361743184,-1.7197318234712344,1,0,0,1,0,0,0,0,1,1,1,0,0
1674,0.610189365340883,-0.6926582144511487,-0.9561437294082489,0.48975262279521126,0.2088029453080042,1,0,0,1,0,0,0,0,1,1,1,0,0
1675,0.610189365340883,-0.5518586017515664,-0.13325161242943565,0.30442582307113514,0.06325315143787284,1,0,0,1,0,0,0,0,1,1,1,0,0
1676,0.610189365340883,-0.5800185242914829,-0.7580135885137808,2.1047433061050174,-1.865281617341366,1,0,0,1,0,0,0,0,1,1,1,0,0
1679,0.610189365340883,0.1802993842862614,1.0322589541720026,0.41032685148489295,0.4817088088145003,1,0,0,1,0,0,0,0,1,1,1,0,0
1680,0.610189365340883,-0.4673788341318171,-1.1381368043922444,0.1455742804504985,-1.8288941688738332,1,0,0,1,0,0,0,0,1,1,1,0,0
1681,0.610189365340883,0.09581961666651204,-0.5100608337797323,0.6750794225192873,0.08144687567163919,1,0,0,1,0,0,0,0,1,1,1,0,0
1684,0.610189365340883,-0.3547391439721513,-0.9452247960083981,0.8074557080364846,-1.1375326479907097,1,0,0,1,0,0,0,0,1,1,1,0,0
1685,0.610189365340883,1.1658966731833373,-0.18404291333121955,2.025317534794699,-1.7925067204063003,1,0,0,1,0,0,0,0,1,1,1,0,0
1686,0.610189365340883,-0.32657922143223483,-0.5087395461120907,0.3309010801745746,0.39074018764566826,1,0,0,1,0,0,0,0,1,1,1,0,0
1688,0.610189365340883,-0.5518586017515664,-0.5240327480524547,0.35737633727801404,-0.9919828541205785,1,0,0,1,0,0,0,0,1,1,1,0,0
1700,0.610189365340883,-0.10129984111290316,0.48245546914601967,0.5691783941055296,-1.4286322357309722,1,0,0,1,0,0,0,0,1,1,1,0,0
1702,0.610189365340883,-0.43921891159190063,-1.1827986159818997,0.48975262279521126,-1.6833443750037018,1,0,0,1,0,0,0,0,1,1,1,0,0
1704,0.610189365340883,0.2366192293660943,-0.969208298285237,0.3838515943814535,-1.7561192719387675,1,0,0,1,0,0,0,0,1,1,1,0,0
1711,0.610189365340883,-0.5518586017515664,-0.7775971181870431,0.5691783941055296,1.7370757809443822,1,0,0,1,0,0,0,0,1,1,1,0,0
1712,0.610189365340883,-0.6644982919112323,-1.1297267732007474,0.43680210858833235,1.0602692394482716,1,0,0,1,0,0,0,0,1,1,1,0,0
1713,0.610189365340883,-0.6363383693713158,-0.7220051629855242,0.7015546796227268,-1.5377945811335705,1,0,0,1,0,0,0,0,1,1,1,0,0
1715,0.610189365340883,-0.6644982919112323,-0.97586907529376,0.5691783941055296,1.6279134355417835,1,0,0,1,0,0,0,0,1,1,1,0,0
1716,0.610189365340883,-0.8052979046108145,-1.17306325032244,1.3899113643121523,1.5551385386067182,1,0,0,1,0,0,0,0,1,1,1,0,0
1717,0.610189365340883,-0.18577960873265253,-0.7135219750164611,0.6486041654158479,1.5551385386067182,1,0,0,1,0,0,0,0,1,1,1,0,0
1718,0.610189365340883,-0.8616177496906475,-1.302475283128859,1.3634361072087129,-0.609914645211484,1,0,0,1,0,0,0,0,1,1,1,0,0
1719,0.610189365340883,-0.6363383693713158,-0.8525702530828421,0.06614850914018017,1.1730703296976235,1,0,0,1,0,0,0,0,1,1,1,0,0
1720,0.610189365340883,-0.7771379820708981,-1.1143321876130048,1.3634361072087129,1.5187510901391854,1,0,0,1,0,0,0,0,1,1,1,0,0
1721,0.610189365340883,0.20845930682617786,0.40614535305009464,0.9927825077605607,0.4271276361132009,1,0,0,1,0,0,0,0,1,1,1,0,0
1722,0.610189365340883,0.06765969412659559,-0.7530543322322325,0.6750794225192873,1.5915259870742509,1,0,0,1,0,0,0,0,1,1,1,0,0
1723,0.610189365340883,-0.4673788341318171,-1.0784589153733135,1.2310598216915156,-1.865281617341366,1,0,0,1,0,0,0,0,1,1,1,0,0
1724,0.610189365340883,-0.8052979046108145,-0.9799146557874763,0.6221289083124085,-0.37339623017252094,1,0,0,1,0,0,0,0,1,1,1,0,0
1725,0.610189365340883,-0.6081784468313993,-0.8182445492869491,0.9663072506571212,1.409588744736587,1,0,0,1,0,0,0,0,1,1,1,0,0
1726,0.610189365340883,-0.18577960873265253,-0.03515455820704265,0.1455742804504985,-0.8100456117829145,1,0,0,1,0,0,0,0,1,1,1,0,0
1727,0.610189365340883,-0.32657922143223483,-0.13461468440793442,0.6221289083124085,-1.4650196841985053,1,0,0,1,0,0,0,0,1,1,1,0,0
1728,0.610189365340883,-0.4110589890519842,-0.13147961885738718,0.5427031370020902,0.19060922107423786,1,0,0,1,0,0,0,0,1,1,1,0,0
1729,0.610189365340883,-0.29841929889231833,-0.8841338885849547,0.9133567364502424,1.3004263993339882,1,0,0,1,0,0,0,0,1,1,1,0,0
1730,0.610189365340883,0.2366192293660943,0.09313584220640614,0.35737633727801404,1.4823636416716521,1,0,0,1,0,0,0,0,1,1,1,0,0
1731,0.610189365340883,-0.6926582144511487,-1.1603263482282713,0.7545051938296057,-0.2460401605361559,1,0,0,1,0,0,0,0,1,1,1,0,0
1733,0.610189365340883,0.2366192293660943,-0.07210330965628924,1.3899113643121523,1.664300884009316,1,0,0,1,0,0,0,0,1,1,1,0,0
1734,0.610189365340883,-0.8616177496906475,-1.2372487541486485,0.7809804509330451,1.0821017085287914,1,0,0,1,0,0,0,0,1,1,1,0,0
1735,0.610189365340883,0.1802993842862614,0.5315980287917789,0.5162278798986507,0.554483705749566,1,0,0,1,0,0,0,0,1,1,1,0,0
1736,0.610189365340883,-0.29841929889231833,-0.24576106731223613,0.4632773656917718,0.827389569256062,1,0,0,1,0,0,0,0,1,1,1,0,0
1737,0.610189365340883,0.01133984904676267,-0.710577195891373,2.2900701058290935,-1.7925067204063003,1,0,0,1,0,0,0,0,1,1,1,0,0
1738,0.610189365340883,-0.9460975173103968,-1.4090869843042997,-2.687278229617522,-1.865281617341366,1,0,0,0,0,0,1,0,1,1,1,0,0
1739,0.610189365340883,-0.52369867921165,-1.2520239176909167,0.5427031370020902,-0.5553334725101848,1,0,0,1,0,0,0,0,1,1,1,0,0
1741,0.610189365340883,-0.016820073493153787,-0.5951757356045435,1.072208279070879,0.2997715664768362,1,0,0,1,0,0,0,0,1,1,1,0,0
1742,0.610189365340883,-0.18577960873265253,-0.44624353826778457,0.5691783941055296,0.2451903937755369,1,0,0,1,0,0,0,0,1,1,1,0,0
1743,0.610189365340883,-0.833457827150731,-1.1004405629434064,1.4163866214155918,1.0275205358274924,1,0,0,1,0,0,0,0,1,1,1,0,0
1744,0.610189365340883,-0.9179375947704804,-1.3697368477183083,1.3369608501052734,0.972939363126193,1,0,0,1,0,0,0,0,1,1,1,0,0
1745,0.610189365340883,-0.0731399185729867,-0.016806320551967832,1.072208279070879,1.5551385386067182,1,0,0,1,0,0,0,0,1,1,1,0,0
1746,0.610189365340883,-0.6081784468313993,-0.9947531931929774,0.9927825077605607,-0.2642338847699222,1,0,0,1,0,0,0,0,1,1,1,0,0
1748,0.610189365340883,-0.4110589890519842,-0.4551637780182324,0.1455742804504985,0.026865702970340168,1,0,0,1,0,0,0,0,1,1,1,0,0
1749,0.610189365340883,-0.7208181369910652,-1.105195729989626,0.6486041654158479,-0.44617112710758644,1,0,0,1,0,0,0,0,1,1,1,0,0
1750,0.610189365340883,-0.1294597636528196,0.2433806062333091,0.7015546796227268,1.3368138478015215,1,0,0,1,0,0,0,0,1,1,1,0,0
1752,0.610189365340883,-0.8897776722305639,-1.1646175007531747,1.1781093074846367,-1.865281617341366,1,0,0,0,0,0,1,0,1,1,1,0,0
1753,0.610189365340883,-0.2702593763524019,0.3551845974072142,2.528347419760048,-1.865281617341366,1,0,0,0,0,0,1,0,1,1,1,0,0
1820,-1.09460017897696,0.5182184547652589,-0.05351190168725669,0.5427031370020902,0.791002120788529,1,0,0,0,1,0,0,1,0,1,1,0,0
1821,-1.8960247838688902,-0.38289906651206773,0.08878051447422589,0.1455742804504985,-0.22784643630238954,1,0,0,0,1,0,0,1,0,1,1,0,0
1822,-1.2784517718448942,0.9124573703240892,0.6655657951836909,0.17204953755393795,0.27430035254956314,1,0,0,0,1,0,0,1,0,1,1,0,0
1824,-1.311989367880545,0.5745382998450917,-0.6343800384758125,-0.039752519273577605,0.6272586026846313,1,0,0,0,1,0,0,1,0,1,1,0,0
1825,-1.3060469441636695,0.4900585322253424,1.4374352480037182,0.06614850914018017,-0.6644958179127833,1,0,0,0,1,0,0,1,0,1,1,0,0
1826,-1.3293669028240713,0.5463783773051754,0.07678958052803335,0.19852479465737738,1.049353004908012,1,0,0,0,1,0,0,1,0,1,1,0,0
1827,-1.3345112557680754,1.8980546592211653,0.4713888713872448,0.03967325203674073,-1.5377945811335705,1,0,0,0,1,0,0,1,0,1,1,0,0
1828,-0.5591366714027689,0.01133984904676267,0.9842599859428411,2.7136742194841244,-0.9374016814192794,1,0,0,0,0,1,0,1,0,1,1,0,0
1829,-0.5616887790964712,0.06765969412659559,-0.20958364322536766,0.8604062222433635,0.12147306898592539,1,0,0,0,1,0,0,1,0,1,1,0,0
1830,-1.2193211571125842,1.025097060483755,0.9350342995703954,0.35737633727801404,-0.9192079571855128,1,0,0,0,1,0,0,1,0,1,1,0,0
1831,-1.2662232075657494,-0.0731399185729867,0.09921706809405964,0.03967325203674073,1.0020493219002193,1,0,0,0,1,0,0,1,0,1,1,0,0
1832,-1.4909433569328665,0.9124573703240892,0.20231967027723438,0.11909902334705906,-0.9737891298868121,1,0,0,0,1,0,0,1,0,1,1,0,0
1833,-1.0520955698511523,1.3066962858829196,0.558724717988604,2.078268049001578,-0.2642338847699222,1,0,0,0,1,0,0,1,0,1,1,0,0
1835,-1.3210175403316737,1.1377367506434208,2.004769381845239,0.0926237662436196,0.2633841180093032,1,0,0,0,1,0,0,1,0,1,1,0,0
1836,-2.1825754156630426,1.1095768281035046,0.5312459770887229,-0.7281092039630032,-0.7554644390816153,1,0,0,0,1,0,0,1,0,1,1,0,0
1837,-1.8976438063861618,-0.4955387566717335,-0.5957419347340739,0.4632773656917718,-0.4097836786400536,1,0,0,0,1,0,0,1,0,1,1,0,0
1838,-1.2913066648597877,0.3774188420656766,1.1650744470906582,0.1455742804504985,1.2822326751002222,1,0,0,0,1,0,0,1,0,1,1,0,0
1839,-1.2565791428544364,-0.016820073493153787,0.6634864891184521,-0.039752519273577605,0.22699666954177056,1,0,0,0,1,0,0,1,0,1,1,0,0
1840,-1.2244568496703703,-0.18577960873265253,0.13060255238411614,-0.06622777637701704,0.9511068940456735,1,0,0,0,1,0,0,1,0,1,1,0,0
1841,-1.1667322869367727,0.771657757624507,-0.11822818866641632,-0.304505090307972,-0.609914645211484,1,0,0,0,1,0,0,1,0,1,1,0,0
1842,-2.014814272365239,-0.52369867921165,-0.3611083431252805,0.11909902334705906,-0.7554644390816153,1,0,0,0,1,0,0,1,0,1,1,0,0
1843,-1.4209994824224152,-0.7208181369910652,-1.2154931983816863,0.03967325203674073,1.3186201235677548,1,0,0,0,1,0,0,1,0,1,1,0,0
1844,-1.0785819502750857,0.3210989969858437,-0.29652816299675444,0.35737633727801404,1.0275205358274924,1,0,0,0,1,0,0,1,0,1,1,0,0
1846,-0.8355794648471486,0.4337386871455095,-0.44305267349218697,-0.09270303348045648,0.1724154968404712,1,0,0,0,1,0,0,1,0,1,1,0,0
1847,-1.7271128346187494,1.3348562084228361,0.009936900408670825,-0.14565354768733538,0.28157784224306986,1,0,0,0,1,0,0,1,0,1,1,0,0
1848,-1.0768229071110251,-0.5518586017515664,-0.8785872558129434,0.013197994933301281,-0.5007522998088856,1,0,0,0,1,0,0,1,0,1,1,0,0
1849,-1.3277449312676062,-0.4110589890519842,-0.38292841163855346,-0.11917829058389594,1.0639079842950254,1,0,0,0,1,0,0,1,0,1,1,0,0
1850,-1.1514743052473906,-0.32657922143223483,0.1367442502589951,1.1781093074846367,-0.4971135549621324,1,0,0,0,1,0,0,1,0,1,1,0,0
1851,-0.278637642878048,1.4193359760425854,0.5724148503039829,0.27795056596769574,-0.045909193964725516,1,0,0,0,1,0,0,1,0,1,1,0,0
1852,-0.8012119866797698,-0.8616177496906475,-1.231564270608208,0.3309010801745746,0.9802168528196997,1,0,0,0,1,0,0,1,0,1,1,0,0
1854,-0.8494248490300497,-0.18577960873265253,0.18191010145631953,0.48975262279521126,-0.045909193964725516,1,0,0,0,1,0,0,1,0,1,1,0,0
1858,-1.2224920344467964,-0.5800185242914829,-0.6796162971443658,0.27795056596769574,0.4271276361132009,1,0,0,0,1,0,0,1,0,1,1,0,0
1859,-1.09460017897696,1.2503764408030869,-0.16349770960750357,0.5427031370020902,1.5369448143729514,1,0,0,0,1,0,0,1,0,1,1,0,0
1861,-1.2208808859634668,-0.8616177496906475,-1.187587787798247,0.27795056596769574,0.972939363126193,1,0,0,0,1,0,0,1,0,1,1,0,0
1862,-0.6383570378162852,-0.8616177496906475,-1.0021466000257375,0.11909902334705906,1.5187510901391854,1,0,0,0,1,0,0,1,0,1,1,0,0
1863,-1.0194507085362536,-0.4110589890519842,-0.04384648220335602,0.17204953755393795,-0.027715469730959175,1,0,0,0,1,0,0,1,0,1,1,0,0
1864,-0.9004511442437214,0.039499771586679125,-0.4954027987168319,0.11909902334705906,0.918358190424894,1,0,0,0,1,0,0,1,0,1,1,0,0
1865,-0.8408240221120422,0.5463783773051754,0.08154274353373145,-0.304505090307972,0.39074018764566826,1,0,0,0,1,0,0,1,0,1,1,0,0
1866,-0.49980117074473096,-0.04497999603307024,-0.42887504709019,2.131218563208457,-0.9192079571855128,1,0,0,0,1,0,0,1,0,1,1,0,0
1867,-0.9263284186004179,2.4894130325594106,0.842610561891517,0.43680210858833235,0.40893391187943456,1,0,0,0,1,0,0,1,0,1,1,0,0
1869,-1.1658022438040143,-0.6081784468313993,-0.5051505939349701,-0.09270303348045648,0.09964059990540584,1,0,0,0,1,0,0,1,0,1,1,0,0
1871,-1.2994190746952594,-0.4110589890519842,-0.3249067066694098,0.5691783941055296,-0.8791817638712268,1,0,0,0,1,0,0,1,0,1,1,0,0
1873,-1.0881489015135046,-0.04497999603307024,0.11675936034867451,0.2514753088642563,-0.045909193964725516,1,0,0,0,1,0,0,1,0,1,1,0,0
1874,-1.0666048487458941,-0.21393953127256898,0.08296930535136661,0.43680210858833235,0.634536092378138,1,0,0,0,1,0,0,1,0,1,1,0,0
1875,-1.286582573379255,1.4193359760425854,-0.00973323696606029,0.2514753088642563,1.5551385386067182,1,0,0,0,1,0,0,1,0,1,1,0,0
1877,-1.0385623827732307,-0.5518586017515664,-0.6805648095186982,0.3838515943814535,0.28157784224306986,1,0,0,0,1,0,0,1,0,1,1,0,0
1878,-2.1512429321176363,-0.7771379820708981,-1.233084920053544,-1.3370401173421103,-0.88282050871798,1,0,0,0,1,0,0,1,0,1,1,0,0
1879,-1.0016783807047176,-0.04497999603307024,-0.2205855813375364,0.3838515943814535,1.118489156996324,1,0,0,0,1,0,0,1,0,1,1,0,0
1880,-1.389508182457092,0.9969371379438386,1.4209515868683842,0.0926237662436196,0.24882913862229009,1,0,0,0,1,0,0,1,0,1,1,0,0
1882,-1.1306168594907167,0.039499771586679125,-0.4450975234540135,0.4632773656917718,1.6752171185495766,1,0,0,0,1,0,0,1,0,1,1,0,0
1883,0.610189365340883,-0.15761968619273606,-0.06414386311954723,-1.7871194881005807,-1.865281617341366,1,0,0,0,1,0,0,0,1,1,0,1,0
1886,-1.2982419994291587,-0.7208181369910652,-0.7574506384542348,0.013197994933301281,0.13966679321969172,1,0,0,0,1,0,0,1,0,1,1,0,0
1915,-0.9358177188787759,0.6871779900047577,1.3990129011846661,0.35737633727801404,0.6454523269183979,1,0,0,0,1,0,0,1,0,1,1,0,0
1926,-1.1688519013207637,-0.18577960873265253,0.4230932659671468,0.5162278798986507,1.409588744736587,1,0,0,0,1,0,0,1,0,1,1,0,0
1927,0.610189365340883,1.3348562084228361,-0.39123302953648537,3.560882446794187,-1.865281617341366,1,0,0,1,0,0,0,0,1,1,1,0,0
1928,-1.0284715264119086,-0.4110589890519842,-0.22200145997864046,-0.2250793189976537,1.3368138478015215,1,0,0,0,1,0,0,1,0,1,1,0,0
1929,0.610189365340883,0.1239795392064285,-0.6382697804632359,0.5162278798986507,0.827389569256062,1,0,0,1,0,0,0,0,1,1,1,0,0
1930,-1.4299127014156285,-0.21393953127256898,-0.00539645578929942,0.2514753088642563,-0.2569563950764158,1,0,0,0,1,0,0,1,0,1,1,0,0
1931,-1.1688519013207637,0.26477915190601076,0.6284001074182742,0.48975262279521126,-0.3806737198660273,1,0,0,0,1,0,0,1,0,1,1,0,0
1932,0.610189365340883,-0.15761968619273606,1.1691636630261546,-1.0458122892042765,-1.865281617341366,1,0,0,0,1,0,0,0,1,1,1,0,0
1933,-1.0612121094249485,0.771657757624507,0.2183874398598454,-0.09270303348045648,-0.33700878170498794,1,0,0,0,1,0,0,1,0,1,1,0,0
1934,-0.5585062219962486,0.09581961666651204,1.273942413373366,0.3309010801745746,0.3361590149443689,1,0,0,0,1,0,0,1,0,1,1,0,0
1935,-4.414177179923187,-0.6644982919112323,-1.2820941116408293,-2.157773087548733,-0.39158995440628724,1,0,0,0,1,0,0,1,0,1,1,0,0
1936,-0.6235277765662686,-0.3547391439721513,-0.5114705682994432,3.163753590242595,-1.519600856899804,1,0,0,0,1,0,0,1,0,1,1,0,0
1937,-1.4256249028848018,0.2366192293660943,0.0004533570978543789,0.22500005176081683,-0.7190769906140825,1,0,0,0,1,0,0,1,0,1,1,0,0
1938,-1.1962647509299964,-0.6926582144511487,-0.5518343688190419,0.17204953755393795,-0.4279774028738199,1,0,0,0,1,0,0,1,0,1,1,0,0
1939,-1.4846791425073143,-0.4955387566717335,-0.04630379224163586,-0.25155457610109316,1.1039341776093112,1,0,0,0,1,0,0,1,0,1,1,0,0
1940,-1.0613771861138137,-0.1294597636528196,-0.13226717155607534,0.30442582307113514,0.6454523269183979,1,0,0,0,1,0,0,1,0,1,1,0,0
1941,-2.013133680412557,-0.5800185242914829,-0.7899697179727473,-1.1252380605145949,-1.6651506507699356,1,0,0,0,1,0,0,1,0,1,1,0,0
1942,-1.3673665060678148,0.1239795392064285,1.0479593026980427,0.013197994933301281,1.3186201235677548,1,0,0,0,1,0,0,1,0,1,1,0,0
1943,-0.9242264790875013,-0.29841929889231833,-0.644077154354823,-0.09270303348045648,0.2451903937755369,1,0,0,0,1,0,0,1,0,1,1,0,0
1944,-1.4192868442708444,-0.6363383693713158,-0.68389512676716,-0.013277262170138162,-0.39158995440628724,1,0,0,0,1,0,0,1,0,1,1,0,0
1945,-0.927882026066485,-0.2702593763524019,-0.010477772080366347,-0.09270303348045648,-0.9192079571855128,1,0,0,0,1,0,0,1,0,1,1,0,0
1946,-1.8660883125198011,-0.43921891159190063,-0.643332619240517,0.013197994933301281,-0.296982588390702,1,0,0,0,1,0,0,1,0,1,1,0,0
1947,-1.389508182457092,0.7434978350845906,-0.7961008358340607,0.0926237662436196,1.2276515023989227,1,0,0,0,1,0,0,1,0,1,1,0,0
1949,-1.2767914279880277,-0.4110589890519842,-0.5599503699123933,0.17204953755393795,1.0639079842950254,1,0,0,0,1,0,0,1,0,1,1,0,0
1950,-0.5654492186538218,-0.5800185242914829,-0.44386785792390915,0.3309010801745746,1.39139502050282,1,0,0,0,1,0,0,1,0,1,1,0,0
1951,-1.1228347048730891,0.4337386871455095,-0.41019705941571327,0.013197994933301281,1.0639079842950254,1,0,0,0,1,0,0,1,0,1,1,0,0
1952,-0.4631143771788974,0.26477915190601076,0.23273321379748838,0.19852479465737738,-0.045909193964725516,1,0,0,0,1,0,0,1,0,1,1,0,0
1953,-0.7731097671362214,0.34925891952576016,0.41928820140020884,0.22500005176081683,0.4671538294274871,1,0,0,0,1,0,0,1,0,1,1,0,0
1954,-1.0556632292834,-0.10129984111290316,0.36187635892316433,0.1455742804504985,-1.0101765783543448,1,0,0,0,1,0,0,1,0,1,1,0,0
1955,-1.4005587148435918,0.2366192293660943,0.014563247051869848,0.3838515943814535,-0.46436485134135275,1,0,0,0,1,0,0,1,0,1,1,0,0
1956,-0.6552945342927281,-0.10129984111290316,1.2723562298689746,1.601713421139668,-1.3012761660946075,1,0,0,0,0,1,0,1,0,1,1,0,0
1957,-1.195102510230189,0.26477915190601076,-0.6021211115934483,0.03967325203674073,1.205819033318403,1,0,0,0,1,0,0,1,0,1,1,0,0
1958,0.610189365340883,-0.7489780595309816,-1.1490661884058897,-0.25155457610109316,-1.064757751055644,1,0,0,1,0,0,0,0,1,1,1,0,0
1959,-1.3766004177367277,0.9124573703240892,0.11534866223735754,-0.17212880479077483,-0.045909193964725516,1,0,0,0,1,0,0,1,0,1,1,0,0
1960,-1.6241806449497111,-0.18577960873265253,-0.5892522959377406,0.7015546796227268,-0.44617112710758644,1,0,0,0,1,0,0,1,0,1,1,0,0
1961,-1.1429630029292392,-0.6081784468313993,-0.6710705125415792,0.27795056596769574,1.3513688271885342,1,0,0,0,1,0,0,1,0,1,1,0,0
1962,-1.2289200754847398,0.6871779900047577,0.9266675563855559,0.48975262279521126,-0.6572183282192767,1,0,0,0,1,0,0,1,0,1,1,0,0
1964,-1.2430605898794707,-0.43921891159190063,0.3055346647146862,-0.039752519273577605,0.609064878450865,1,0,0,0,1,0,0,1,0,1,1,0,0
1965,-1.2084874360916984,-0.7208181369910652,-0.8468197931735504,0.0926237662436196,0.9365519146586604,1,0,0,0,1,0,0,1,0,1,1,0,0
1966,-0.5306136118895899,0.40557876460559306,-0.16734906449763998,1.9194165063809412,-0.518946024042652,1,0,0,0,0,1,0,1,0,1,1,0,0
1967,-1.2096613156783436,2.433093187479578,0.6701474087041313,0.013197994933301281,0.609064878450865,1,0,0,0,1,0,0,1,0,1,1,0,0
1968,-1.5380912354313667,-0.5518586017515664,-0.7895707700766013,0.11909902334705906,-0.46436485134135275,1,0,0,0,1,0,0,1,0,1,1,0,0
1969,-0.7643443980593216,0.09581961666651204,0.5604239163577909,0.19852479465737738,0.39074018764566826,1,0,0,0,1,0,0,1,0,1,1,0,0
1970,-0.6259903882355642,-0.5800185242914829,-0.9530217322177361,0.43680210858833235,1.5005573659054188,1,0,0,0,1,0,0,1,0,1,1,0,0
1971,-0.9789760180843575,0.1802993842862614,-0.8643861433189924,0.5162278798986507,1.4823636416716521,1,0,0,0,1,0,0,1,0,1,1,0,0
1972,-0.9031555973811771,-0.2702593763524019,-0.32155712652951085,0.4632773656917718,0.008671978736573827,1,0,0,0,1,0,0,1,0,1,1,0,0
1973,-0.8375303861958608,-0.4955387566717335,-0.4712499607999486,0.43680210858833235,1.5005573659054188,1,0,0,0,1,0,0,1,0,1,1,0,0
1974,-1.1810750109351118,-0.8052979046108145,-0.8293369134493266,0.35737633727801404,1.118489156996324,1,0,0,0,1,0,0,1,0,1,1,0,0
1975,-0.8623548724573256,-0.5518586017515664,-0.9503692934756356,0.03967325203674073,1.373201296269054,1,0,0,0,1,0,0,1,0,1,1,0,0
1976,-0.5525563557222122,0.82797760270434,2.232359806255208,-0.09270303348045648,1.009326811593726,1,0,0,0,1,0,0,1,0,1,1,0,0
1977,-0.5823703485699843,-0.21393953127256898,0.21183277679384038,-0.14565354768733538,0.2633841180093032,1,0,0,0,1,0,0,1,0,1,1,0,0
1978,-1.0148393360377754,-0.3547391439721513,0.4734968340572168,0.43680210858833235,0.08144687567163919,1,0,0,0,1,0,0,1,0,1,1,0,0
1979,-0.7034472208963679,0.6026982223850083,0.4008323494480369,0.41032685148489295,1.009326811593726,1,0,0,0,1,0,0,1,0,1,1,0,0
1980,-1.2096613156783436,-0.833457827150731,-1.1604362733878275,-0.013277262170138162,1.733437036097629,1,0,0,0,1,0,0,1,0,1,1,0,0
1981,0.610189365340883,0.039499771586679125,-0.6302152642266521,0.9398319935536817,-0.1732652636010902,1,0,0,1,0,0,0,0,1,1,1,0,0
1982,-1.095326386298264,-0.3547391439721513,0.11187416503726261,0.03967325203674073,1.1912640539313901,1,0,0,0,1,0,0,1,0,1,1,0,0
1983,-0.5459336059469867,0.09581961666651204,0.5721381364436864,0.1455742804504985,0.19060922107423786,1,0,0,0,1,0,0,1,0,1,1,0,0
1984,-1.226225183371586,0.82797760270434,0.13924642346727933,-0.039752519273577605,0.28157784224306986,1,0,0,0,1,0,0,1,0,1,1,0,0
1985,-0.8599256707161712,-0.4673788341318171,-0.4711414658621222,0.35737633727801404,-1.0065378335075916,1,0,0,0,0,1,0,1,0,1,1,0,0
1986,-1.1369243314601942,-0.7208181369910652,-0.647345845100557,-0.013277262170138162,1.4641699174378862,1,0,0,0,1,0,0,1,0,1,1,0,0
1987,-1.1666727169141093,-0.5518586017515664,-0.4243748083411706,0.0926237662436196,1.0821017085287914,1,0,0,0,1,0,0,1,0,1,1,0,0
1989,-0.6940641024232446,-0.7771379820708981,-0.8774889126897729,0.3838515943814535,0.5362899815157993,1,0,0,0,1,0,0,1,0,1,1,0,0
1991,0.610189365340883,-0.32657922143223483,0.3186067484429121,0.2514753088642563,0.3361590149443689,1,0,0,1,0,0,0,0,1,1,1,0,0
1992,-0.8217188492185026,-0.6081784468313993,-0.1288216284993146,-0.14565354768733538,1.1730703296976235,1,0,0,0,1,0,0,1,0,1,1,0,0
1993,-0.8328105244115747,-0.4110589890519842,-0.625574901141098,0.22500005176081683,0.4999025330482666,1,0,0,0,1,0,0,1,0,1,1,0,0
1995,-0.6050018657271261,1.1095768281035046,0.4272376587293588,-0.19860406189421426,0.08144687567163919,1,0,0,0,1,0,0,1,0,1,1,0,0
1996,-1.09460017897696,-0.8616177496906475,-1.3293472735621208,0.5427031370020902,0.6454523269183979,1,0,0,0,1,0,0,1,0,1,1,0,0
1997,-0.6854656886886255,-0.1294597636528196,0.33235497443294276,-0.11917829058389594,0.9365519146586604,1,0,0,0,1,0,0,1,0,1,1,0,0
1998,-1.6029805280744063,-0.21393953127256898,-0.34726093919796414,-0.6751586897561243,-1.4832134084322715,1,0,0,0,1,0,0,1,0,1,1,0,0
1999,-0.9263284186004179,-0.4673788341318171,-0.9648228815978737,0.3838515943814535,0.18697047622748433,1,0,0,0,1,0,0,1,0,1,1,0,0
2002,-0.4389045183250677,-0.21393953127256898,1.53168956599937,0.27795056596769574,0.28157784224306986,1,0,0,0,1,0,0,1,0,1,1,0,0
2003,-0.6446049693093068,0.4337386871455095,0.8434586516359345,1.8135154779671834,-0.8282393360166809,1,0,0,0,1,0,0,1,0,1,1,0,0
2004,-0.32616534190552343,0.6590180674648412,-0.008954718921225742,3.1372783331391556,-1.6251244574556494,1,0,0,0,1,0,0,1,0,1,1,0,0
2005,-1.3137577015817605,-0.6081784468313993,-0.8331890733885623,-0.013277262170138162,-0.045909193964725516,1,0,0,0,1,0,0,1,0,1,1,0,0
2006,-0.9569042766478961,-0.38289906651206773,-0.8036558471877554,0.4632773656917718,1.64610715977555,1,0,0,0,1,0,0,1,0,1,1,0,0
2007,-1.3952808823835672,0.1802993842862614,0.7646085203906929,-0.14565354768733538,-0.045909193964725516,1,0,0,0,1,0,0,1,0,1,1,0,0
2008,-1.1256682073236106,-0.016820073493153787,-0.18845602755863652,0.17204953755393795,0.609064878450865,1,0,0,0,1,0,0,1,0,1,1,0,0
2009,-1.2084874360916984,-0.52369867921165,-0.5851099733017834,0.17204953755393795,0.1724154968404712,1,0,0,0,1,0,0,1,0,1,1,0,0
2010,-1.195102510230189,-0.6363383693713158,-0.8105075556663427,0.03967325203674073,1.3004263993339882,1,0,0,0,1,0,0,1,0,1,1,0,0
2011,-1.195102510230189,-0.10129984111290316,1.133014994156367,0.03967325203674073,0.6818397753859307,1,0,0,0,1,0,0,1,0,1,1,0,0
2012,-1.6241806449497111,1.503815743662335,0.05280771263564875,0.7280299367261662,-0.045909193964725516,1,0,0,0,1,0,0,1,0,1,1,0,0
2013,-0.5842293660507487,-0.6644982919112323,-0.5242260915955043,-0.19860406189421426,0.19060922107423786,1,0,0,0,1,0,0,1,0,1,1,0,0
2014,-1.967970437683508,-0.4955387566717335,-0.046423927399062835,-1.1517133176180343,-1.865281617341366,1,0,0,0,1,0,0,1,0,1,1,0,0
2015,-1.0556632292834,-0.2702593763524019,-0.6395060550483861,0.06614850914018017,-0.44617112710758644,1,0,0,0,1,0,0,1,0,1,1,0,0
2016,0.610189365340883,-0.6363383693713158,-1.2616893371748172,-0.48983189003204813,0.22699666954177056,1,0,0,1,0,0,0,0,1,1,1,0,0
2019,-1.167464651096979,0.5463783773051754,0.15672914016931566,0.2514753088642563,0.22699666954177056,1,0,0,0,1,0,0,1,0,1,1,0,0
2021,-1.309292658986192,0.4337386871455095,-0.11426596701463118,0.43680210858833235,-0.2642338847699222,1,0,0,0,1,0,0,1,0,1,1,0,0
2022,-1.031671635952421,1.7290951239816665,-0.40126564020175937,0.5162278798986507,0.7982796104820358,1,0,0,0,1,0,0,1,0,1,1,0,0
2026,0.610189365340883,-0.7489780595309816,-1.0995827379112784,0.43680210858833235,-1.1739200964582426,1,0,0,1,0,0,0,0,1,1,1,0,0
2027,-1.0801355577411544,-0.21393953127256898,0.2464612958666547,0.41032685148489295,0.06325315143787284,1,0,0,0,1,0,0,1,0,1,1,0,0
2030,0.610189365340883,0.1239795392064285,-0.47879035897887795,0.6486041654158479,1.5733322628404842,1,0,0,1,0,0,0,0,1,1,1,0,0
2031,-1.0738515633634755,-0.7208181369910652,-1.0976657259331029,0.30442582307113514,0.8237508244093085,1,0,0,0,1,0,0,1,0,1,1,0,0
2033,-1.908111236688795,-0.04497999603307024,0.14002302125990704,-0.039752519273577605,-1.0465640268218777,1,0,0,0,1,0,0,1,0,1,1,0,0
2035,-1.0666048487458941,-0.3547391439721513,0.15837328714066104,0.4632773656917718,1.4277824689703535,1,0,0,0,1,0,0,1,0,1,1,0,0
2038,-1.4209994824224152,0.3774188420656766,0.9108990880764201,0.03967325203674073,0.4271276361132009,1,0,0,0,1,0,0,1,0,1,1,0,0
2039,-1.1245887778186499,1.7854149690614993,0.9788172567383727,0.013197994933301281,-0.045909193964725516,1,0,0,0,1,0,0,1,0,1,1,0,0
2041,-0.7034472208963679,-0.833457827150731,-1.1365951670198748,0.43680210858833235,1.5369448143729514,1,0,0,0,1,0,0,1,0,1,1,0,0
2043,0.610189365340883,-0.21393953127256898,-0.5151107241202431,0.7545051938296057,-1.1375326479907097,1,0,0,1,0,0,0,0,1,1,1,0,0
2044,-1.2913066648597877,-0.6644982919112323,-0.9204256800124848,0.0926237662436196,0.08144687567163919,1,0,0,0,1,0,0,1,0,1,1,0,0
2046,-0.7445074125518388,2.123334039540497,0.9611288271266115,0.03967325203674073,0.08144687567163919,1,0,0,0,1,0,0,1,0,1,1,0,0
2047,-0.8674481209643884,1.757255046521583,5.773583290652528,-0.4368813758251692,-0.045909193964725516,1,0,0,0,1,0,0,1,0,1,1,0,0
2050,-0.5569300984799478,-0.15761968619273606,-0.9834233110187548,0.35737633727801404,1.5915259870742509,1,0,0,0,1,0,0,1,0,1,1,0,0
2051,-0.9584147283510175,-0.29841929889231833,-0.7851975808122509,0.5427031370020902,-0.045909193964725516,1,0,0,0,1,0,0,1,0,1,1,0,0
2053,-1.6038791677907511,-0.7208181369910652,-0.823720405446319,0.06614850914018017,-0.6463020936790168,1,0,0,0,1,0,0,1,0,1,1,0,0
2055,-1.0443361925401335,-0.6081784468313993,-0.610553983567094,-0.11917829058389594,0.22699666954177056,1,0,0,0,1,0,0,1,0,1,1,0,0
2056,-1.4892440987668547,-0.016820073493153787,-0.4497185894374585,0.013197994933301281,-0.5007522998088856,1,0,0,0,1,0,0,1,0,1,1,0,0
2057,-0.5198556441886131,0.1239795392064285,-0.4068447553017239,0.2514753088642563,1.3550075720352874,1,0,0,0,1,0,0,1,0,1,1,0,0
2064,-0.9971215399085726,-0.18577960873265253,0.0025779735854573366,0.013197994933301281,0.9365519146586604,1,0,0,0,1,0,0,1,0,1,1,0,0
2065,-1.6254413514352941,0.1239795392064285,0.2847129116621203,0.5427031370020902,-0.5007522998088856,1,0,0,0,1,0,0,1,0,1,1,0,0
2068,-0.4884449895619697,-0.7771379820708981,-1.0875558926019648,1.5752381640362285,-1.2103075449257754,1,0,0,0,1,0,0,1,0,1,1,0,0
2070,-1.4299127014156285,-0.6081784468313993,-0.990987041118422,0.22500005176081683,-0.37339623017252094,1,0,0,0,1,0,0,1,0,1,1,0,0
2071,-2.0355277424484437,-0.4673788341318171,0.013591461450970562,-0.17212880479077483,-0.4097836786400536,1,0,0,0,1,0,0,1,0,1,1,0,0
2072,-1.8965562811599135,-0.7489780595309816,-0.886348880550015,-0.17212880479077483,-0.8282393360166809,1,0,0,0,1,0,0,1,0,1,1,0,0
2073,0.610189365340883,-0.4110589890519842,-0.5623749614339923,0.8604062222433635,1.5915259870742509,1,0,0,1,0,0,0,0,1,1,1,0,0
2075,-1.8478019722883043,-0.21393953127256898,0.12038373868834287,-0.2250793189976537,-0.37339623017252094,1,0,0,0,1,0,0,1,0,1,1,0,0
2084,-0.9373825033769733,-0.52369867921165,-0.7312038318318188,0.4632773656917718,0.15422177260670486,1,0,0,0,1,0,0,1,0,1,1,0,0
2137,-0.5812549380815244,-0.38289906651206773,-0.667803006664043,-0.8340102323767609,-1.865281617341366,1,0,0,0,1,0,0,1,0,1,1,0,0
2140,-0.8813872040892664,1.4756558211224184,3.9835292202671493,0.3309010801745746,0.3361590149443689,1,0,0,0,1,0,0,1,0,1,1,0,0
2147,-1.310457864585743,1.8417348141413323,-0.5357472952232916,-0.304505090307972,0.008671978736573827,1,0,0,0,1,0,0,1,0,1,1,0,0
2148,-4.579931024751275,-1.0305772849301462,-1.7252961820750095,-2.449000915686567,-0.2642338847699222,1,0,0,0,1,0,0,1,0,1,1,0,0
2149,-0.3039474050238733,3.475010321456487,1.168662155411424,2.131218563208457,-0.9992603438140851,1,0,0,0,1,0,0,1,0,1,1,0,0
2150,-0.7611722320125174,0.06765969412659559,0.2036156762142381,0.5427031370020902,-1.5014071326660379,1,0,0,0,0,1,0,1,0,1,1,0,0
2151,-1.2662232075657494,-0.04497999603307024,-0.5800471345245022,0.06614850914018017,0.28157784224306986,1,0,0,0,1,0,0,1,0,1,1,0,0
2152,-0.4326986314712134,-0.38289906651206773,-0.3478744159693304,0.22500005176081683,0.0013944890430670977,1,0,0,0,1,0,0,1,0,1,1,0,0
2153,-1.0567243004076463,0.2366192293660943,-0.020516159311182433,-0.2250793189976537,0.4817088088145003,1,0,0,0,1,0,0,1,0,1,1,0,0
2154,-0.5569300984799478,1.447495898582502,-0.15520892408307907,0.30442582307113514,1.4459761932041195,1,0,0,0,1,0,0,1,0,1,1,0,0
2155,-0.8887407526965546,0.82797760270434,0.1434678488799868,0.1455742804504985,0.39074018764566826,1,0,0,0,1,0,0,1,0,1,1,0,0
2158,-0.974744939797062,0.26477915190601076,0.013591461450970562,0.013197994933301281,-1.5741820296011035,1,0,0,0,0,1,0,1,0,1,1,0,0
2160,-1.3307410731705205,0.8842974477841729,0.780063407830522,0.5162278798986507,-1.2648887176270747,1,0,0,0,1,0,0,1,0,1,1,0,0
2166,-1.7625929464721366,-0.10129984111290316,-0.4442710036792333,0.6750794225192873,-0.6644958179127833,1,0,0,0,1,0,0,1,0,1,1,0,0
2172,-8.483194641822028,0.26477915190601076,-0.06986876542924206,-2.8461297722381587,-1.5559883053673371,1,0,0,0,1,0,0,1,0,1,1,0,0
2173,-3.2657505410056853,-0.9742574398503133,-1.5845143479370936,-2.5549019441003247,-1.4650196841985053,1,0,0,0,1,0,0,1,0,1,1,0,0
2174,-0.8012119866797698,1.2785363633430031,0.11877243685059011,0.3838515943814535,0.5362899815157993,1,0,0,0,1,0,0,1,0,1,1,0,0
2176,-2.205761875826535,0.715337912544674,-0.08654323817592614,-0.6486834326526848,-0.7263544803075891,1,0,0,0,1,0,0,1,0,1,1,0,0
2179,-0.6031105175075652,0.01133984904676267,-0.390961112364304,-0.2250793189976537,-0.045909193964725516,1,0,0,0,1,0,0,1,0,1,1,0,0
2180,-1.2123863932901966,0.3774188420656766,-0.3316516070141428,-0.304505090307972,0.9365519146586604,1,0,0,0,1,0,0,1,0,1,1,0,0
2185,-0.5122764304247479,-0.43921891159190063,-0.34001977803532674,3.2431793615529134,-0.5626109622036913,1,0,0,0,1,0,0,1,0,1,1,0,0
2186,-1.449166914149318,-0.6644982919112323,-0.6371387207363967,-0.7810597181698821,-0.045909193964725516,1,0,0,0,1,0,0,1,0,1,1,0,0
2190,-1.1514139968309316,3.5031702439964034,0.3598514264130046,-0.2250793189976537,-0.045909193964725516,1,0,0,0,1,0,0,1,0,1,1,0,0
2195,-1.5042449270028775,-0.4110589890519842,-0.24349285187080885,-0.11917829058389594,1.1912640539313901,1,0,0,0,1,0,0,1,0,1,1,0,0
2200,0.610189365340883,-0.7771379820708981,-1.128070446447002,0.19852479465737738,-1.064757751055644,1,0,0,1,0,0,0,0,1,1,1,0,0
2202,-1.0768229071110251,0.06765969412659559,-0.12732055956431484,-0.11917829058389594,1.39139502050282,1,0,0,0,1,0,0,1,0,1,1,0,0
2207,-1.6136122179861763,0.9687772154039221,1.1984932118048872,-1.6812184596868232,-0.7372707148478488,1,0,0,0,1,0,0,1,0,1,1,0,0
2210,-1.7564251637044277,0.039499771586679125,-0.18129052073588595,-0.41040611872172983,-0.88282050871798,1,0,0,0,1,0,0,1,0,1,1,0,0
2217,-1.0424771750593675,-0.3547391439721513,-0.537856811380492,-0.19860406189421426,0.6454523269183979,1,0,0,0,1,0,0,1,0,1,1,0,0
2221,-1.2369042611140832,0.2929390744459272,0.5677933445122215,0.06614850914018017,0.791002120788529,1,0,0,0,1,0,0,1,0,1,1,0,0
2230,-1.196842550592186,0.1802993842862614,0.7545171671668242,0.06614850914018017,-0.045909193964725516,1,0,0,0,1,0,0,1,0,1,1,0,0
2231,-0.5732435973947314,0.3210989969858437,-0.8052836628051225,0.0926237662436196,0.9001644661911273,1,0,0,0,1,0,0,1,0,1,1,0,0
2235,-3.685535278337272,-0.9742574398503133,-1.355927177142847,-2.581377201203764,-1.865281617341366,1,0,0,0,1,0,0,1,0,1,1,0,0
2236,-0.8523145589169348,0.5463783773051754,0.5886585688230916,0.013197994933301281,-1.3558573387959065,1,0,0,0,1,0,0,1,0,1,1,0,0
2242,-1.3720374654792726,-0.7208181369910652,-1.187587787798247,0.35737633727801404,-1.3376636145621401,1,0,0,0,1,0,0,1,0,1,1,0,0
2243,-1.2114153886239043,0.7434978350845906,1.0431234750788398,0.03967325203674073,-0.045909193964725516,1,0,0,0,1,0,0,1,0,1,1,0,0
2244,0.610189365340883,-1.0587372074700627,-1.5419865022079313,-3.0844070861691137,-1.865281617341366,1,0,0,0,1,0,0,0,1,1,0,1,0
2245,-0.15743395993910295,1.3066962858829196,-0.5996081025276339,0.886881479346803,-1.1557263722244762,1,0,0,0,0,1,0,1,0,1,1,0,0
2253,-2.645795251424761,-0.5800185242914829,-0.5915535862910501,-2.29014937306593,-1.2830824418608409,1,0,0,0,1,0,0,1,0,1,1,0,0
2271,-7.44656001911034,-1.0024173623902297,-1.8742352969670104,-2.6078524583072036,-0.7554644390816153,1,0,0,0,1,0,0,1,0,1,1,0,0
2272,0.610189365340883,-0.52369867921165,-0.6185052367750036,0.7280299367261662,1.1730703296976235,1,0,0,1,0,0,0,0,1,1,1,0,0
2273,0.610189365340883,-0.833457827150731,-1.3470672092826048,-1.866545259410899,-0.045909193964725516,1,0,0,1,0,0,0,0,1,1,1,0,0
2415,0.610189365340883,-0.7489780595309816,-0.7581045999966801,-1.5488421741696259,-1.865281617341366,1,0,0,0,0,1,0,0,1,1,1,0,0
